Workbook

Sheet National Summary
A1: SUMMARY | B1: 2020 Generation | C1: 2025 Generation | D1: 2030 Generation | E1: Assumptions
A2: Current measures (TWh) | B2: ='Data by plant and state'!O108 -> 791.76006 | C2: ='Data by plant and state'!P108 -> 782.28976 | D2: ='Data by plant and state'!Q108 -> 782.28976 | E2: Between 2020 and 2025, 26,670,299 MWh of generation are lost due to retired capacity in IA, MI, and NY, while all other at-risk capacity is saved by state and federal policy. In addition, Georgia Vogtle Units 3 & 4 come online. No changes to total capacity are assumed to occur between 2025 and 2030.
A3: Current measures (EJ) | B3: ='Data by plant and state'!W108 -> 2.8503362 | C3: ='Data by plant and state'!X108 -> 2.8162431 | D3: ='Data by plant and state'!Y108 -> 2.8162431
B7: 2020 (EJ) | C7: 2025 (EJ) | D7: 2030 (EJ)
A8: AL | B8: 0.14206618 | C8: 0.14206618 | D8: 0.14206618
A9: AR | B9: 0.045794945 | C9: 0.045794945 | D9: 0.045794945
A10: AZ | B10: 0.11195013 | C10: 0.11195013 | D10: 0.11195013
A11: CA | B11: 0.065568668 | C11: 0.065568668 | D11: 0.065568668
A12: CT | B12: 0.060773371 | C12: 0.060773371 | D12: 0.060773371
A13: FL | B13: 0.10552446 | C13: 0.10552446 | D13: 0.10552446
A14: GA | B14: 0.12370563 | C14: 0.18562563 | D14: 0.18562563
A15: IA | B15: 0.017623436 | C15: 0 | D15: 0
A16: IL | B16: 0.3531655 | C16: 0.3531655 | D16: 0.3531655
A17: KS | B17: 0.03300584 | C17: 0.03300584 | D17: 0.03300584
A18: LA | B18: 0.061749295 | C18: 0.061749295 | D18: 0.061749295
A19: MA | B19: 0 | C19: 0 | D19: 0
... A37: WI | B37: 0.036464839 | C37: 0.036464839 | D37: 0.036464839

Sheet Data by plant and state
A1: U.S. Department of Energy, The Energy Information Administration (EIA)
A2: Monthly Nuclear Utility Generation (MWh) by State and Reactor, 2018 December
A3: Sources: EIA-923 and EIA-860 Reports
E5: MWh | F5: Current Capacity (MWe) | H5: % of Summer Capacity | K5: Current Measures (MWh) | O5: Current Measures (TWh) | S5: Current Measures (EJ) | W5: GCAM input (EJ)
A6: State | B6: Plant ID | C6: Plant Name | D6: Unit ID | E6: 2018 Year_to_Date | F6: Nameplate | G6: Summer | H6: Utilization Factor | I6: Status | J6: Closing | K6: 2020 MWh | L6: 2025 MWh | M6: 2030 MWh | O6: 2020 (TWh) | P6: 2025 (TWh) | Q6: 2030 (TWh) | S6: 2020 (EJ) | T6: 2025 (EJ) | U6: 2030 (EJ) | W6: 2020 (EJ) | X6: 2025 (EJ) | Y6: 2030 (EJ)
A7: AL | B7: 46 | C7: Browns Ferry | D7: 1 | E7: 7841125 | F7: 1152 | G7: 1256 | H7: 71.3 | I7: Open | K7: 7841125 | L7: 7841125 | M7: 7841125 | N7: AL | O7: =K7/1000000 -> 7.841125 | P7: =L7/1000000 -> 7.841125 | Q7: =M7/1000000 -> 7.841125 | R7: AL | S7: =O7*0.0036 -> 0.02822805 | T7: =P7*0.0036 -> 0.02822805 | U7: =Q7*0.0036 -> 0.02822805 | V7: AL | W7: =SUM(S7:S11) -> 0.14206618 | X7: =SUM(T7:T11) -> 0.14206618 | Y7: =SUM(U7:U11) -> 0.14206618
A8: AL | B8: 46 | C8: Browns Ferry | D8: 2 | E8: 9457539 | F8: 1152 | G8: 1104 | H8: 97.8 | I8: Open | K8: 9457539 | L8: 9457539 | M8: 9457539 | N8: AL | O8: =K8/1000000 -> 9.457539 | P8: =L8/1000000 -> 9.457539 | Q8: =M8/1000000 -> 9.457539 | R8: AL | S8: =O8*0.0036 -> 0.03404714 | T8: =P8*0.0036 -> 0.03404714 | U8: =Q8*0.0036 -> 0.03404714
A9: AL | B9: 46 | C9: Browns Ferry | D9: 3 | E9: 8099117 | F9: 1190 | G9: 1260 | H9: 73.4 | I9: Open | K9: 8099117 | L9: 8099117 | M9: 8099117 | N9: AL | O9: =K9/1000000 -> 8.099117 | P9: =L9/1000000 -> 8.099117 | Q9: =M9/1000000 -> 8.099117 | R9: AL | S9: =O9*0.0036 -> 0.029156821 | T9: =P9*0.0036 -> 0.029156821 | U9: =Q9*0.0036 -> 0.029156821
A10: AL | B10: 6001 | C10: Joseph M Farley | D10: 1 | E10: 6409664 | F10: 888 | G10: 874 | H10: 83.7 | I10: Open | K10: 6409664 | L10: 6409664 | M10: 6409664 | N10: AL | O10: =K10/1000000 -> 6.409664 | P10: =L10/1000000 -> 6.409664 | Q10: =M10/1000000 -> 6.409664 | R10: AL | S10: =O10*0.0036 -> 0.02307479 | T10: =P10*0.0036 -> 0.02307479 | U10: =Q10*0.0036 -> 0.02307479
A11: AL | B11: 6001 | C11: Joseph M Farley | D11: 2 | E11: 7655382 | F11: 888 | G11: 877 | H11: 99.6 | I11: Open | K11: 7655382 | L11: 7655382 | M11: 7655382 | N11: AL | O11: =K11/1000000 -> 7.655382 | P11: =L11/1000000 -> 7.655382 | Q11: =M11/1000000 -> 7.655382 | R11: AL | S11: =O11*0.0036 -> 0.027559375 | T11: =P11*0.0036 -> 0.027559375 | U11: =Q11*0.0036 -> 0.027559375
A12: AR | B12: 8055 | C12: Arkansas Nuclear One | D12: 1 | E12: 5622437 | F12: 903 | G12: 833 | H12: 77 | I12: Open | K12: 5622437 | L12: 5622437 | M12: 5622437 | N12: AR | O12: =K12/1000000 -> 5.622437 | P12: =L12/1000000 -> 5.622437 | Q12: =M12/1000000 -> 5.622437 | R12: AR | S12: =O12*0.0036 -> 0.020240773 | T12: =P12*0.0036 -> 0.020240773 | U12: =Q12*0.0036 -> 0.020240773 | V12: AR | W12: =SUM(S12:S13) -> 0.045794945 | X12: =SUM(T12:T13) -> 0.045794945 | Y12: =SUM(U12:U13) -> 0.045794945
A13: AR | B13: 8055 | C13: Arkansas Nuclear One | D13: 2 | E13: 7098381 | F13: 943 | G13: 985 | H13: 82.3 | I13: Open | K13: 7098381 | L13: 7098381 | M13: 7098381 | N13: AR | O13: =K13/1000000 -> 7.098381 | P13: =L13/1000000 -> 7.098381 | Q13: =M13/1000000 -> 7.098381 | R13: AR | S13: =O13*0.0036 -> 0.025554172 | T13: =P13*0.0036 -> 0.025554172 | U13: =Q13*0.0036 -> 0.025554172
A14: AZ | B14: 6008 | C14: Palo Verde | D14: 1 | E14: 11220879 | F14: 1403 | G14: 1311 | H14: 97.7 | I14: Open | K14: 11220879 | L14: 11220879 | M14: 11220879 | N14: AZ | O14: =K14/1000000 -> 11.220879 | P14: =L14/1000000 -> 11.220879 | Q14: =M14/1000000 -> 11.220879 | R14: AZ | S14: =O14*0.0036 -> 0.040395164 | T14: =P14*0.0036 -> 0.040395164 | U14: =Q14*0.0036 -> 0.040395164 | V14: AZ | W14: =SUM(S14:S16) -> 0.11195013 | X14: =SUM(T14:T16) -> 0.11195013 | Y14: =SUM(U14:U16) -> 0.11195013
A15: AZ | B15: 6008 | C15: Palo Verde | D15: 2 | E15: 9448932 | F15: 1403 | G15: 1314 | H15: 82.1 | I15: Open | K15: 9448932 | L15: 9448932 | M15: 9448932 | N15: AZ | O15: =K15/1000000 -> 9.448932 | P15: =L15/1000000 -> 9.448932 | Q15: =M15/1000000 -> 9.448932 | R15: AZ | S15: =O15*0.0036 -> 0.034016155 | T15: =P15*0.0036 -> 0.034016155 | U15: =Q15*0.0036 -> 0.034016155
A16: AZ | B16: 6008 | C16: Palo Verde | D16: 3 | E16: 10427448 | F16: 1403 | G16: 1312 | H16: 90.7 | I16: Open | K16: 10427448 | L16: 10427448 | M16: 10427448 | N16: AZ | O16: =K16/1000000 -> 10.427448 | P16: =L16/1000000 -> 10.427448 | Q16: =M16/1000000 -> 10.427448 | R16: AZ | S16: =O16*0.0036 -> 0.037538813 | T16: =P16*0.0036 -> 0.037538813 | U16: =Q16*0.0036 -> 0.037538813
A17: CA | B17: 6099 | C17: Diablo Canyon | D17: 1 | E17: 9703806 | F17: 1159 | G17: 1122 | H17: 98.7 | I17: Saved by state policy | K17: 9703806 | L17: 9703806 | M17: 9703806 | N17: CA | O17: =K17/1000000 -> 9.703806 | P17: =L17/1000000 -> 9.703806 | Q17: =M17/1000000 -> 9.703806 | R17: CA | S17: =O17*0.0036 -> 0.034933702 | T17: =P17*0.0036 -> 0.034933702 | U17: =Q17*0.0036 -> 0.034933702 | V17: CA | W17: =SUM(S17:S18) -> 0.065568668 | X17: =SUM(T17:T18) -> 0.065568668 | Y17: =SUM(U17:U18) -> 0.065568668
A18: CA | B18: 6099 | C18: Diablo Canyon | D18: 2 | E18: 8509713 | F18: 1164 | G18: 1118 | H18: 86.9 | I18: Saved by state policy | K18: 8509713 | L18: 8509713 | M18: 8509713 | N18: CA | O18: =K18/1000000 -> 8.509713 | P18: =L18/1000000 -> 8.509713 | Q18: =M18/1000000 -> 8.509713 | R18: CA | S18: =O18*0.0036 -> 0.030634967 | T18: =P18*0.0036 -> 0.030634967 | U18: =Q18*0.0036 -> 0.030634967
A19: CT | B19: 566 | C19: Millstone | D19: 2 | E19: 6147489 | F19: 910 | G19: 868 | H19: 80.9 | I19: Saved by state policy | K19: 6147489 | L19: 6147489 | M19: 6147489 | N19: CT | O19: =K19/1000000 -> 6.147489 | P19: =L19/1000000 -> 6.147489 | Q19: =M19/1000000 -> 6.147489 | R19: CT | S19: =O19*0.0036 -> 0.02213096 | T19: =P19*0.0036 -> 0.02213096 | U19: =Q19*0.0036 -> 0.02213096 | V19: CT | W19: =SUM(S19:S20) -> 0.060773371 | X19: =SUM(T19:T20) -> 0.060773371 | Y19: =SUM(U19:U20) -> 0.060773371
A20: CT | B20: 566 | C20: Millstone | D20: 3 | E20: 10734003 | F20: 1253 | G20: 1220 | H20: 100.4 | I20: Saved by state policy | K20: 10734003 | L20: 10734003 | M20: 10734003 | N20: CT | O20: =K20/1000000 -> 10.734003 | P20: =L20/1000000 -> 10.734003 | Q20: =M20/1000000 -> 10.734003 | R20: CT | S20: =O20*0.0036 -> 0.038642411 | T20: =P20*0.0036 -> 0.038642411 | U20: =Q20*0.0036 -> 0.038642411
A21: FL | B21: 621 | C21: Turkey Point | D21: 3 | E21: 6457621 | F21: 877 | G21: 802 | H21: 91.9 | I21: Open | K21: 6457621 | L21: 6457621 | M21: 6457621 | N21: FL | O21: =K21/1000000 -> 6.457621 | P21: =L21/1000000 -> 6.457621 | Q21: =M21/1000000 -> 6.457621 | R21: FL | S21: =O21*0.0036 -> 0.023247436 | T21: =P21*0.0036 -> 0.023247436 | U21: =Q21*0.0036 -> 0.023247436 | V21: FL | W21: =SUM(S21:S24) -> 0.10552446 | X21: =SUM(T21:T24) -> 0.10552446 | Y21: =SUM(U21:U24) -> 0.10552446
A22: FL | B22: 621 | C22: Turkey Point | D22: 4 | E22: 7292147 | F22: 760 | G22: 802 | H22: 103.8 | I22: Open | K22: 7292147 | L22: 7292147 | M22: 7292147 | N22: FL | O22: =K22/1000000 -> 7.292147 | P22: =L22/1000000 -> 7.292147 | Q22: =M22/1000000 -> 7.292147 | R22: FL | S22: =O22*0.0036 -> 0.026251729 | T22: =P22*0.0036 -> 0.026251729 | U22: =Q22*0.0036 -> 0.026251729
A23: FL | B23: 6045 | C23: St Lucie | D23: 1 | E23: 7914552 | F23: 1080 | G23: 981 | H23: 92.1 | I23: Open | K23: 7914552 | L23: 7914552 | M23: 7914552 | N23: FL | O23: =K23/1000000 -> 7.914552 | P23: =L23/1000000 -> 7.914552 | Q23: =M23/1000000 -> 7.914552 | R23: FL | S23: =O23*0.0036 -> 0.028492387 | T23: =P23*0.0036 -> 0.028492387 | U23: =Q23*0.0036 -> 0.028492387
A24: FL | B24: 6045 | C24: St Lucie | D24: 2 | E24: 7648029 | F24: 1080 | G24: 987 | H24: 88.5 | I24: Open | K24: 7648029 | L24: 7648029 | M24: 7648029 | N24: FL | O24: =K24/1000000 -> 7.648029 | P24: =L24/1000000 -> 7.648029 | Q24: =M24/1000000 -> 7.648029 | R24: FL | S24: =O24*0.0036 -> 0.027532904 | T24: =P24*0.0036 -> 0.027532904 | U24: =Q24*0.0036 -> 0.027532904
A25: GA | C25: Georgia Vogtle | D25: 1 & 2 | I25: Opening | J25: 2023 | K25: 0 | L25: 17200000 | M25: 17200000 | N25: GA | O25: =K25/1000000 -> 0 | P25: =L25/1000000 -> 17.2 | Q25: =M25/1000000 -> 17.2 | R25: GA | S25: =O25*0.0036 -> 0 | T25: =P25*0.0036 -> 0.06192 | U25: =Q25*0.0036 -> 0.06192 | V25: GA | W25: =SUM(S25:S29) -> 0.12370563 | X25: =SUM(T25:T29) -> 0.18562563 | Y25: =SUM(U25:U29) -> 0.18562563
A26: GA | B26: 649 | C26: Vogtle | D26: 1 | E26: 9627221 | F26: 1160 | G26: 1150 | H26: 95.6 | I26: Open | K26: 9627221 | L26: 9627221 | M26: 9627221 | N26: GA | O26: =K26/1000000 -> 9.627221 | P26: =L26/1000000 -> 9.627221 | Q26: =M26/1000000 -> 9.627221 | R26: GA | S26: =O26*0.0036 -> 0.034657996 | T26: =P26*0.0036 -> 0.034657996 | U26: =Q26*0.0036 -> 0.034657996
A27: GA | B27: 649 | C27: Vogtle | D27: 2 | E27: 10331905 | F27: 1160 | G27: 1152 | H27: 102.4 | I27: Open | K27: 10331905 | L27: 10331905 | M27: 10331905 | N27: GA | O27: =K27/1000000 -> 10.331905 | P27: =L27/1000000 -> 10.331905 | Q27: =M27/1000000 -> 10.331905 | R27: GA | S27: =O27*0.0036 -> 0.037194858 | T27: =P27*0.0036 -> 0.037194858 | U27: =Q27*0.0036 -> 0.037194858
A28: GA | B28: 6051 | C28: Edwin I Hatch | D28: 1 | E28: 7009585 | F28: 857 | G28: 876 | H28: 91.3 | I28: Open | K28: 7009585 | L28: 7009585 | M28: 7009585 | N28: GA | O28: =K28/1000000 -> 7.009585 | P28: =L28/1000000 -> 7.009585 | Q28: =M28/1000000 -> 7.009585 | R28: GA | S28: =O28*0.0036 -> 0.025234506 | T28: =P28*0.0036 -> 0.025234506 | U28: =Q28*0.0036 -> 0.025234506
A29: GA | B29: 6051 | C29: Edwin I Hatch | D29: 2 | E29: 7393965 | F29: 865 | G29: 883 | H29: 95.6 | I29: Open | K29: 7393965 | L29: 7393965 | M29: 7393965 | N29: GA | O29: =K29/1000000 -> 7.393965 | P29: =L29/1000000 -> 7.393965 | Q29: =M29/1000000 -> 7.393965 | R29: GA | S29: =O29*0.0036 -> 0.026618274 | T29: =P29*0.0036 -> 0.026618274 | U29: =Q29*0.0036 -> 0.026618274
A30: IA | B30: 1060 | C30: Duane Arnold Energy Center | D30: 1 | E30: 4895399 | F30: 680 | G30: 601 | H30: 92.9 | I30: Already retired | J30: 2020 | K30: 4895399 | L30: 0 | M30: 0 | N30: IA | O30: =K30/1000000 -> 4.895399 | P30: =L30/1000000 -> 0 | Q30: =M30/1000000 -> 0 | R30: IA | S30: =O30*0.0036 -> 0.017623436 | T30: =P30*0.0036 -> 0 | U30: =Q30*0.0036 -> 0 | V30: IA | W30: =S30 -> 0.017623436 | X30: =T30 -> 0 | Y30: =U30 -> 0
A31: IL | B31: 204 | C31: Clinton Power Station | D31: 1 | E31: 8346686 | F31: 1138 | G31: 1060 | H31: 89.9 | I31: Saved by state policy | K31: 8346686 | L31: 8346686 | M31: 8346686 | N31: IL | O31: =K31/1000000 -> 8.346686 | P31: =L31/1000000 -> 8.346686 | Q31: =M31/1000000 -> 8.346686 | R31: IL | S31: =O31*0.0036 -> 0.03004807 | T31: =P31*0.0036 -> 0.03004807 | U31: =Q31*0.0036 -> 0.03004807 | V31: IL | W31: =SUM(S31:S41) -> 0.3531655 | X31: =SUM(T31:T41) -> 0.3531655 | Y31: =SUM(U31:U41) -> 0.3531655
A32: IL | B32: 880 | C32: Quad Cities Generating Station | D32: 1 | E32: 8051911 | F32: 1009 | G32: 908 | H32: 101.2 | I32: Saved by state policy | K32: 8051911 | L32: 8051911 | M32: 8051911 | N32: IL | O32: =K32/1000000 -> 8.051911 | P32: =L32/1000000 -> 8.051911 | Q32: =M32/1000000 -> 8.051911 | R32: IL | S32: =O32*0.0036 -> 0.02898688 | T32: =P32*0.0036 -> 0.02898688 | U32: =Q32*0.0036 -> 0.02898688
A33: IL | B33: 880 | C33: Quad Cities Generating Station | D33: 2 | E33: 7424547 | F33: 1009 | G33: 911 | H33: 93 | I33: Saved by state policy | K33: 7424547 | L33: 7424547 | M33: 7424547 | N33: IL | O33: =K33/1000000 -> 7.424547 | P33: =L33/1000000 -> 7.424547 | Q33: =M33/1000000 -> 7.424547 | R33: IL | S33: =O33*0.0036 -> 0.026728369 | T33: =P33*0.0036 -> 0.026728369 | U33: =Q33*0.0036 -> 0.026728369
A34: IL | B34: 869 | C34: Dresden Generating Station | D34: 2 | E34: 8052440 | F34: 1009 | G34: 902 | H34: 101.9 | I34: Open | K34: 8052440 | L34: 8052440 | M34: 8052440 | N34: IL | O34: =K34/1000000 -> 8.05244 | P34: =L34/1000000 -> 8.05244 | Q34: =M34/1000000 -> 8.05244 | R34: IL | S34: =O34*0.0036 -> 0.028988784 | T34: =P34*0.0036 -> 0.028988784 | U34: =Q34*0.0036 -> 0.028988784
A35: IL | B35: 869 | C35: Dresden Generating Station | D35: 3 | E35: 7485695 | F35: 1009 | G35: 895 | H35: 95.5 | I35: Open | K35: 7485695 | L35: 7485695 | M35: 7485695 | N35: IL | O35: =K35/1000000 -> 7.485695 | P35: =L35/1000000 -> 7.485695 | Q35: =M35/1000000 -> 7.485695 | R35: IL | S35: =O35*0.0036 -> 0.026948502 | T35: =P35*0.0036 -> 0.026948502 | U35: =Q35*0.0036 -> 0.026948502
A36: IL | B36: 6022 | C36: Braidwood Generation Station | D36: 1 | E36: 9834457 | F36: 1225 | G36: 1183 | H36: 94.9 | I36: Open | K36: 9834457 | L36: 9834457 | M36: 9834457 | N36: IL | O36: =K36/1000000 -> 9.834457 | P36: =L36/1000000 -> 9.834457 | Q36: =M36/1000000 -> 9.834457 | R36: IL | S36: =O36*0.0036 -> 0.035404045 | T36: =P36*0.0036 -> 0.035404045 | U36: =Q36*0.0036 -> 0.035404045
A37: IL | B37: 6022 | C37: Braidwood Generation Station | D37: 2 | E37: 9509002 | F37: 1225 | G37: 1154 | H37: 94.1 | I37: Open | K37: 9509002 | L37: 9509002 | M37: 9509002 | N37: IL | O37: =K37/1000000 -> 9.509002 | P37: =L37/1000000 -> 9.509002 | Q37: =M37/1000000 -> 9.509002 | R37: IL | S37: =O37*0.0036 -> 0.034232407 | T37: =P37*0.0036 -> 0.034232407 | U37: =Q37*0.0036 -> 0.034232407
A38: IL | B38: 6023 | C38: Byron Generating Station | D38: 1 | E38: 9868770 | F38: 1225 | G38: 1164 | H38: 96.8 | I38: Open | K38: 9868770 | L38: 9868770 | M38: 9868770 | N38: IL | O38: =K38/1000000 -> 9.86877 | P38: =L38/1000000 -> 9.86877 | Q38: =M38/1000000 -> 9.86877 | R38: IL | S38: =O38*0.0036 -> 0.035527572 | T38: =P38*0.0036 -> 0.035527572 | U38: =Q38*0.0036 -> 0.035527572
A39: IL | B39: 6023 | C39: Byron Generating Station | D39: 2 | E39: 10182253 | F39: 1225 | G39: 1136 | H39: 102.3 | I39: Open | K39: 10182253 | L39: 10182253 | M39: 10182253 | N39: IL | O39: =K39/1000000 -> 10.182253 | P39: =L39/1000000 -> 10.182253 | Q39: =M39/1000000 -> 10.182253 | R39: IL | S39: =O39*0.0036 -> 0.036656111 | T39: =P39*0.0036 -> 0.036656111 | U39: =Q39*0.0036 -> 0.036656111
A40: IL | B40: 6026 | C40: LaSalle Generating Station | D40: 1 | E40: 9321629 | F40: 1170 | G40: 1131 | H40: 94.1 | I40: Open | K40: 9321629 | L40: 9321629 | M40: 9321629 | N40: IL | O40: =K40/1000000 -> 9.321629 | P40: =L40/1000000 -> 9.321629 | Q40: =M40/1000000 -> 9.321629 | R40: IL | S40: =O40*0.0036 -> 0.033557864 | T40: =P40*0.0036 -> 0.033557864 | U40: =Q40*0.0036 -> 0.033557864
A41: IL | B41: 6026 | C41: LaSalle Generating Station | D41: 2 | E41: 10024137 | F41: 1170 | G41: 1134 | H41: 100.9 | I41: Open | K41: 10024137 | L41: 10024137 | M41: 10024137 | N41: IL | O41: =K41/1000000 -> 10.024137 | P41: =L41/1000000 -> 10.024137 | Q41: =M41/1000000 -> 10.024137 | R41: IL | S41: =O41*0.0036 -> 0.036086893 | T41: =P41*0.0036 -> 0.036086893 | U41: =Q41*0.0036 -> 0.036086893
A42: KS | B42: 210 | C42: Wolf Creek Generating Station | D42: 1 | E42: 9168289 | F42: 1268 | G42: 1225 | H42: 85.4 | I42: Open | K42: 9168289 | L42: 9168289 | M42: 9168289 | N42: KS | O42: =K42/1000000 -> 9.168289 | P42: =L42/1000000 -> 9.168289 | Q42: =M42/1000000 -> 9.168289 | R42: KS | S42: =O42*0.0036 -> 0.03300584 | T42: =P42*0.0036 -> 0.03300584 | U42: =Q42*0.0036 -> 0.03300584 | V42: KS | W42: =S42 -> 0.03300584 | X42: =T42 -> 0.03300584 | Y42: =U42 -> 0.03300584
A43: LA | B43: 4270 | C43: Waterford 3 | D43: 3 | E43: 10152586 | F43: 1200 | G43: 1165 | H43: 99.4 | I43: Open | K43: 10152586 | L43: 10152586 | M43: 10152586 | N43: LA | O43: =K43/1000000 -> 10.152586 | P43: =L43/1000000 -> 10.152586 | Q43: =M43/1000000 -> 10.152586 | R43: LA | S43: =O43*0.0036 -> 0.03654931 | T43: =P43*0.0036 -> 0.03654931 | U43: =Q43*0.0036 -> 0.03654931 | V43: LA | W43: =SUM(S43:S44) -> 0.061749295 | X43: =SUM(T43:T44) -> 0.061749295 | Y43: =SUM(U43:U44) -> 0.061749295
A44: LA | B44: 6462 | C44: River Bend | D44: 1 | E44: 6999996 | F44: 1036 | G44: 968 | H44: 82.6 | I44: Open | K44: 6999996 | L44: 6999996 | M44: 6999996 | N44: LA | O44: =K44/1000000 -> 6.999996 | P44: =L44/1000000 -> 6.999996 | Q44: =M44/1000000 -> 6.999996 | R44: LA | S44: =O44*0.0036 -> 0.025199986 | T44: =P44*0.0036 -> 0.025199986 | U44: =Q44*0.0036 -> 0.025199986
A45: MA | B45: 1590 | C45: Pilgrim Nuclear Power Station | D45: 1 | E45: 4441563 | F45: 670 | G45: 679 | H45: 74.7 | I45: Already retired | J45: 2019 | K45: 0 | L45: 0 | M45: 0 | N45: MA | O45: =K45/1000000 -> 0 | P45: =L45/1000000 -> 0 | Q45: =M45/1000000 -> 0 | R45: MA | S45: =O45*0.0036 -> 0 | T45: =P45*0.0036 -> 0 | U45: =Q45*0.0036 -> 0 | V45: MA | W45: =S45 -> 0 | X45: =T45 -> 0 | Y45: =U45 -> 0
A46: MD | B46: 6011 | C46: Calvert Cliffs Nuclear Power Plant | D46: 1 | E46: 7289367 | F46: 918 | G46: 866 | H46: 96.1 | I46: Open | K46: 7289367 | L46: 7289367 | M46: 7289367 | N46: MD | O46: =K46/1000000 -> 7.289367 | P46: =L46/1000000 -> 7.289367 | Q46: =M46/1000000 -> 7.289367 | R46: MD | S46: =O46*0.0036 -> 0.026241721 | T46: =P46*0.0036 -> 0.026241721 | U46: =Q46*0.0036 -> 0.026241721 | V46: MD | W46: =SUM(S46:S47) -> 0.053956552 | X46: =SUM(T46:T47) -> 0.053956552 | Y46: =SUM(U46:U47) -> 0.053956552
A47: MD | B47: 6011 | C47: Calvert Cliffs Nuclear Power Plant | D47: 2 | E47: 7698564 | F47: 911 | G47: 842 | H47: 104.4 | I47: Open | K47: 7698564 | L47: 7698564 | M47: 7698564 | N47: MD | O47: =K47/1000000 -> 7.698564 | P47: =L47/1000000 -> 7.698564 | Q47: =M47/1000000 -> 7.698564 | R47: MD | S47: =O47*0.0036 -> 0.02771483 | T47: =P47*0.0036 -> 0.02771483 | U47: =Q47*0.0036 -> 0.02771483
A48: MI | B48: 1715 | C48: Palisades | D48: 1 | E48: 5455940 | F48: 812 | G48: 804 | H48: 77.4 | I48: Already retired | J48: 2022 | K48: 5455940 | L48: 0 | M48: 0 | N48: MI | O48: =K48/1000000 -> 5.45594 | P48: =L48/1000000 -> 0 | Q48: =M48/1000000 -> 0 | R48: MI | S48: =O48*0.0036 -> 0.019641384 | T48: =P48*0.0036 -> 0 | U48: =Q48*0.0036 -> 0 | V48: MI | W48: =SUM(S48:S51) -> 0.1097233 | X48: =SUM(T48:T51) -> 0.090081914 | Y48: =SUM(U48:U51) -> 0.090081914
A49: MI | B49: 1729 | C49: Fermi | D49: 2 | E49: 7411942 | F49: 1217 | G49: 1141 | H49: 74.2 | I49: Open | K49: 7411942 | L49: 7411942 | M49: 7411942 | N49: MI | O49: =K49/1000000 -> 7.411942 | P49: =L49/1000000 -> 7.411942 | Q49: =M49/1000000 -> 7.411942 | R49: MI | S49: =O49*0.0036 -> 0.026682991 | T49: =P49*0.0036 -> 0.026682991 | U49: =Q49*0.0036 -> 0.026682991
A50: MI | B50: 6000 | C50: Donald C Cook | D50: 1 | E50: 9299538 | F50: 1152 | G50: 1009 | H50: 105.2 | I50: Open | K50: 9299538 | L50: 9299538 | M50: 9299538 | N50: MI | O50: =K50/1000000 -> 9.299538 | P50: =L50/1000000 -> 9.299538 | Q50: =M50/1000000 -> 9.299538 | R50: MI | S50: =O50*0.0036 -> 0.033478337 | T50: =P50*0.0036 -> 0.033478337 | U50: =Q50*0.0036 -> 0.033478337
A51: MI | B51: 6000 | C51: Donald C Cook | D51: 2 | E51: 8311274 | F51: 1133 | G51: 1168 | H51: 81.2 | I51: Open | K51: 8311274 | L51: 8311274 | M51: 8311274 | N51: MI | O51: =K51/1000000 -> 8.311274 | P51: =L51/1000000 -> 8.311274 | Q51: =M51/1000000 -> 8.311274 | R51: MI | S51: =O51*0.0036 -> 0.029920586 | T51: =P51*0.0036 -> 0.029920586 | U51: =Q51*0.0036 -> 0.029920586
A52: MN | B52: 1922 | C52: Monticello Nuclear Facility | D52: 1 | E52: 5618024 | F52: 685 | G52: 617 | H52: 103.9 | I52: Open | K52: 5618024 | L52: 5618024 | M52: 5618024 | N52: MN | O52: =K52/1000000 -> 5.618024 | P52: =L52/1000000 -> 5.618024 | Q52: =M52/1000000 -> 5.618024 | R52: MN | S52: =O52*0.0036 -> 0.020224886 | T52: =P52*0.0036 -> 0.020224886 | U52: =Q52*0.0036 -> 0.020224886 | V52: MN | W52: =SUM(S52:S54) -> 0.052564784 | X52: =SUM(T52:T54) -> 0.052564784 | Y52: =SUM(U52:U54) -> 0.052564784
A53: MN | B53: 1925 | C53: Prairie Island | D53: 1 | E53: 4190471 | F53: 593 | G53: 521 | H53: 91.8 | I53: Open | K53: 4190471 | L53: 4190471 | M53: 4190471 | N53: MN | O53: =K53/1000000 -> 4.190471 | P53: =L53/1000000 -> 4.190471 | Q53: =M53/1000000 -> 4.190471 | R53: MN | S53: =O53*0.0036 -> 0.015085696 | T53: =P53*0.0036 -> 0.015085696 | U53: =Q53*0.0036 -> 0.015085696
A54: MN | B54: 1925 | C54: Prairie Island | D54: 2 | E54: 4792834 | F54: 593 | G54: 519 | H54: 105.4 | I54: Open | K54: 4792834 | L54: 4792834 | M54: 4792834 | N54: MN | O54: =K54/1000000 -> 4.792834 | P54: =L54/1000000 -> 4.792834 | Q54: =M54/1000000 -> 4.792834 | R54: MN | S54: =O54*0.0036 -> 0.017254202 | T54: =P54*0.0036 -> 0.017254202 | U54: =Q54*0.0036 -> 0.017254202
A55: MO | B55: 6153 | C55: Callaway | D55: 1 | E55: 10655279 | F55: 1236 | G55: 1190 | H55: 102.2 | I55: Open | K55: 10655279 | L55: 10655279 | M55: 10655279 | N55: MO | O55: =K55/1000000 -> 10.655279 | P55: =L55/1000000 -> 10.655279 | Q55: =M55/1000000 -> 10.655279 | R55: MO | S55: =O55*0.0036 -> 0.038359004 | T55: =P55*0.0036 -> 0.038359004 | U55: =Q55*0.0036 -> 0.038359004 | V55: MO | W55: =S55 -> 0.038359004 | X55: =T55 -> 0.038359004 | Y55: =U55 -> 0.038359004
A56: MS | B56: 6072 | C56: Grand Gulf | D56: 1 | E56: 6919470 | F56: 1440 | G56: 1401 | H56: 56.4 | I56: Open | K56: 6919470 | L56: 6919470 | M56: 6919470 | N56: MS | O56: =K56/1000000 -> 6.91947 | P56: =L56/1000000 -> 6.91947 | Q56: =M56/1000000 -> 6.91947 | R56: MS | S56: =O56*0.0036 -> 0.024910092 | T56: =P56*0.0036 -> 0.024910092 | U56: =Q56*0.0036 -> 0.024910092 | V56: MS | W56: =S56 -> 0.024910092 | X56: =T56 -> 0.024910092 | Y56: =U56 -> 0.024910092
A57: NC | B57: 6014 | C57: Brunswick Nuclear | D57: 1 | E57: 7094066 | F57: 1002 | G57: 938 | H57: 86.3 | I57: Open | K57: 7094066 | L57: 7094066 | M57: 7094066 | N57: NC | O57: =K57/1000000 -> 7.094066 | P57: =L57/1000000 -> 7.094066 | Q57: =M57/1000000 -> 7.094066 | R57: NC | S57: =O57*0.0036 -> 0.025538638 | T57: =P57*0.0036 -> 0.025538638 | U57: =Q57*0.0036 -> 0.025538638 | V57: NC | W57: =SUM(S57:S61) -> 0.15147702 | X57: =SUM(T57:T61) -> 0.15147702 | Y57: =SUM(U57:U61) -> 0.15147702
A58: NC | B58: 6014 | C58: Brunswick Nuclear | D58: 2 | E58: 7532901 | F58: 1002 | G58: 932 | H58: 92.3 | I58: Open | K58: 7532901 | L58: 7532901 | M58: 7532901 | N58: NC | O58: =K58/1000000 -> 7.532901 | P58: =L58/1000000 -> 7.532901 | Q58: =M58/1000000 -> 7.532901 | R58: NC | S58: =O58*0.0036 -> 0.027118444 | T58: =P58*0.0036 -> 0.027118444 | U58: =Q58*0.0036 -> 0.027118444
A59: NC | B59: 6015 | C59: Harris | D59: 1 | E59: 7587914 | F59: 951 | G59: 932 | H59: 92.9 | I59: Open | K59: 7587914 | L59: 7587914 | M59: 7587914 | N59: NC | O59: =K59/1000000 -> 7.587914 | P59: =L59/1000000 -> 7.587914 | Q59: =M59/1000000 -> 7.587914 | R59: NC | S59: =O59*0.0036 -> 0.02731649 | T59: =P59*0.0036 -> 0.02731649 | U59: =Q59*0.0036 -> 0.02731649
A60: NC | B60: 6038 | C60: McGuire | D60: 1 | E60: 10359250 | F60: 1220 | G60: 1158 | H60: 102.1 | I60: Open | K60: 10359250 | L60: 10359250 | M60: 10359250 | N60: NC | O60: =K60/1000000 -> 10.35925 | P60: =L60/1000000 -> 10.35925 | Q60: =M60/1000000 -> 10.35925 | R60: NC | S60: =O60*0.0036 -> 0.0372933 | T60: =P60*0.0036 -> 0.0372933 | U60: =Q60*0.0036 -> 0.0372933
A61: NC | B61: 6038 | C61: McGuire | D61: 2 | E61: 9502818 | F61: 1220 | G61: 1158 | H61: 93.7 | I61: Open | K61: 9502818 | L61: 9502818 | M61: 9502818 | N61: NC | O61: =K61/1000000 -> 9.502818 | P61: =L61/1000000 -> 9.502818 | Q61: =M61/1000000 -> 9.502818 | R61: NC | S61: =O61*0.0036 -> 0.034210145 | T61: =P61*0.0036 -> 0.034210145 | U61: =Q61*0.0036 -> 0.034210145
A62: NE | B62: 8036 | C62: Cooper Nuclear Station | D62: 1 | E62: 5632140 | F62: 801 | G62: 770 | H62: 83.5 | I62: Open | K62: 5632140 | L62: 5632140 | M62: 5632140 | N62: NE | O62: =K62/1000000 -> 5.63214 | P62: =L62/1000000 -> 5.63214 | Q62: =M62/1000000 -> 5.63214 | R62: NE | S62: =O62*0.0036 -> 0.020275704 | T62: =P62*0.0036 -> 0.020275704 | U62: =Q62*0.0036 -> 0.020275704 | V62: NE | W62: =S62 -> 0.020275704 | X62: =T62 -> 0.020275704 | Y62: =U62 -> 0.020275704
A63: NH | B63: 6115 | C63: Seabrook | D63: 1 | E63: 10061696 | F63: 1242 | G63: 1251 | H63: 91.8 | I63: Open | K63: 10061696 | L63: 10061696 | M63: 10061696 | N63: NH | O63: =K63/1000000 -> 10.061696 | P63: =L63/1000000 -> 10.061696 | Q63: =M63/1000000 -> 10.061696 | R63: NH | S63: =O63*0.0036 -> 0.036222106 | T63: =P63*0.0036 -> 0.036222106 | U63: =Q63*0.0036 -> 0.036222106 | V63: NH | W63: =S63 -> 0.036222106 | X63: =T63 -> 0.036222106 | Y63: =U63 -> 0.036222106
A64: NJ | B64: 2388 | C64: Oyster Creek | D64: 1 | E64: 3540315 | F64: . | G64: . | H64: . | I64: Already retired | J64: 2018 | K64: 0 | L64: 0 | M64: 0 | N64: NJ | O64: =K64/1000000 -> 0 | P64: =L64/1000000 -> 0 | Q64: =M64/1000000 -> 0 | R64: NJ | S64: =O64*0.0036 -> 0 | T64: =P64*0.0036 -> 0 | U64: =Q64*0.0036 -> 0 | V64: NJ | W64: =SUM(S64:S67) -> 0.10239045 | X64: =SUM(T64:T67) -> 0.10239045 | Y64: =SUM(U64:U67) -> 0.10239045
A65: NJ | B65: 2410 | C65: PSEG Salem Generating Station | D65: 1 | E65: 10177507 | F65: 1170 | G65: 1170 | H65: 99.3 | I65: Saved by state policy | K65: 10177507 | L65: 10177507 | M65: 10177507 | N65: NJ | O65: =K65/1000000 -> 10.177507 | P65: =L65/1000000 -> 10.177507 | Q65: =M65/1000000 -> 10.177507 | R65: NJ | S65: =O65*0.0036 -> 0.036639025 | T65: =P65*0.0036 -> 0.036639025 | U65: =Q65*0.0036 -> 0.036639025
A66: NJ | B66: 2410 | C66: PSEG Salem Generating Station | D66: 2 | E66: 8717600 | F66: 1170 | G66: 1158 | H66: 85.9 | I66: Saved by state policy | K66: 8717600 | L66: 8717600 | M66: 8717600 | N66: NJ | O66: =K66/1000000 -> 8.7176 | P66: =L66/1000000 -> 8.7176 | Q66: =M66/1000000 -> 8.7176 | R66: NJ | S66: =O66*0.0036 -> 0.03138336 | T66: =P66*0.0036 -> 0.03138336 | U66: =Q66*0.0036 -> 0.03138336
A67: NJ | B67: 6118 | C67: PSEG Hope Creek Generating Station | D67: 1 | E67: 9546684 | F67: 1291 | G67: 1172 | H67: 93 | I67: Saved by state policy | K67: 9546684 | L67: 9546684 | M67: 9546684 | N67: NJ | O67: =K67/1000000 -> 9.546684 | P67: =L67/1000000 -> 9.546684 | Q67: =M67/1000000 -> 9.546684 | R67: NJ | S67: =O67*0.0036 -> 0.034368062 | T67: =P67*0.0036 -> 0.034368062 | U67: =Q67*0.0036 -> 0.034368062
A68: NY | B68: 2497 | C68: Indian Point 2 | D68: 2 | E68: 8018479 | F68: 1299 | G68: 1019 | H68: 89.9 | I68: Already retired | J68: 2020 | K68: 8018479 | L68: 0 | M68: 0 | N68: NY | O68: =K68/1000000 -> 8.018479 | P68: =L68/1000000 -> 0 | Q68: =M68/1000000 -> 0 | R68: NY | S68: =O68*0.0036 -> 0.028866524 | T68: =P68*0.0036 -> 0 | U68: =Q68*0.0036 -> 0 | V68: NY | W68: =SUM(S68:S73) -> 0.15450844 | X68: =SUM(T68:T73) -> 0.095760184 | Y68: =SUM(U68:U73) -> 0.095760184
A69: NY | B69: 8907 | C69: Indian Point 3 | D69: 3 | E69: 8300481 | F69: 1012 | G69: 1038 | H69: 91.3 | I69: Already retired | J69: 2021 | K69: 8300481 | L69: 0 | M69: 0 | N69: NY | O69: =K69/1000000 -> 8.300481 | P69: =L69/1000000 -> 0 | Q69: =M69/1000000 -> 0 | R69: NY | S69: =O69*0.0036 -> 0.029881732 | T69: =P69*0.0036 -> 0 | U69: =Q69*0.0036 -> 0
A70: NY | B70: 2589 | C70: Nine Mile Point Nuclear Station | D70: 1 | E70: 5277940 | F70: 642 | G70: 625 | H70: 96.4 | I70: Saved by state policy | K70: 5277940 | L70: 5277940 | M70: 5277940 | N70: NY | O70: =K70/1000000 -> 5.27794 | P70: =L70/1000000 -> 5.27794 | Q70: =M70/1000000 -> 5.27794 | R70: NY | S70: =O70*0.0036 -> 0.019000584 | T70: =P70*0.0036 -> 0.019000584 | U70: =Q70*0.0036 -> 0.019000584
A71: NY | B71: 6110 | C71: James A Fitzpatrick | D71: 1 | E71: 6527781 | F71: 883 | G71: 851 | H71: 87.6 | I71: Saved by state policy | K71: 6527781 | L71: 6527781 | M71: 6527781 | N71: NY | O71: =K71/1000000 -> 6.527781 | P71: =L71/1000000 -> 6.527781 | Q71: =M71/1000000 -> 6.527781 | R71: NY | S71: =O71*0.0036 -> 0.023500012 | T71: =P71*0.0036 -> 0.023500012 | U71: =Q71*0.0036 -> 0.023500012
A72: NY | B72: 6122 | C72: R E Ginna Nuclear Power Plant | D72: 1 | E72: 4689440 | F72: 614 | G72: 582 | H72: 92 | I72: Saved by state policy | K72: 4689440 | L72: 4689440 | M72: 4689440 | N72: NY | O72: =K72/1000000 -> 4.68944 | P72: =L72/1000000 -> 4.68944 | Q72: =M72/1000000 -> 4.68944 | R72: NY | S72: =O72*0.0036 -> 0.016881984 | T72: =P72*0.0036 -> 0.016881984 | U72: =Q72*0.0036 -> 0.016881984
A73: NY | B73: 2589 | C73: Nine Mile Point Nuclear Station | D73: 2 | E73: 10104890 | F73: 1259 | G73: 1291 | H73: 89.4 | I73: Open | K73: 10104890 | L73: 10104890 | M73: 10104890 | N73: NY | O73: =K73/1000000 -> 10.10489 | P73: =L73/1000000 -> 10.10489 | Q73: =M73/1000000 -> 10.10489 | R73: NY | S73: =O73*0.0036 -> 0.036377604 | T73: =P73*0.0036 -> 0.036377604 | U73: =Q73*0.0036 -> 0.036377604
A74: OH | B74: 6020 | C74: Perry | D74: 1 | E74: 10934736 | F74: 1312 | G74: 1240 | H74: 100.7 | I74: Saved by state policy | K74: 10934736 | L74: 10934736 | M74: 10934736 | N74: OH | O74: =K74/1000000 -> 10.934736 | P74: =L74/1000000 -> 10.934736 | Q74: =M74/1000000 -> 10.934736 | R74: OH | S74: =O74*0.0036 -> 0.03936505 | T74: =P74*0.0036 -> 0.03936505 | U74: =Q74*0.0036 -> 0.03936505 | V74: OH | W74: =SUM(S74:S75) -> 0.065934025 | X74: =SUM(T74:T75) -> 0.065934025 | Y74: =SUM(U74:U75) -> 0.065934025
A75: OH | B75: 6149 | C75: Davis Besse | D75: 1 | E75: 7380271 | F75: 925 | G75: 894 | H75: 94.2 | I75: Saved by state policy | K75: 7380271 | L75: 7380271 | M75: 7380271 | N75: OH | O75: =K75/1000000 -> 7.380271 | P75: =L75/1000000 -> 7.380271 | Q75: =M75/1000000 -> 7.380271 | R75: OH | S75: =O75*0.0036 -> 0.026568976 | T75: =P75*0.0036 -> 0.026568976 | U75: =Q75*0.0036 -> 0.026568976
A76: PA | B76: 8011 | C76: Three Mile Island | D76: 1 | E76: 7335824 | F76: 981 | G76: 803 | H76: 104.3 | I76: Already retired | J76: 2019 | K76: 0 | L76: 0 | M76: 0 | N76: PA | O76: =K76/1000000 -> 0 | P76: =L76/1000000 -> 0 | Q76: =M76/1000000 -> 0 | R76: PA | S76: =O76*0.0036 -> 0 | T76: =P76*0.0036 -> 0 | U76: =Q76*0.0036 -> 0 | V76: PA | W76: =SUM(S76:S84) -> 0.27408313 | X76: =SUM(T76:T84) -> 0.27408313 | Y76: =SUM(U76:U84) -> 0.27408313
A77: PA | B77: 6040 | C77: Beaver Valley | D77: 1 | E77: 7438148 | F77: 923 | G77: 907 | H77: 93.6 | I77: Saved by state policy | K77: 7438148 | L77: 7438148 | M77: 7438148 | N77: PA | O77: =K77/1000000 -> 7.438148 | P77: =L77/1000000 -> 7.438148 | Q77: =M77/1000000 -> 7.438148 | R77: PA | S77: =O77*0.0036 -> 0.026777333 | T77: =P77*0.0036 -> 0.026777333 | U77: =Q77*0.0036 -> 0.026777333
A78: PA | B78: 6040 | C78: Beaver Valley | D78: 2 | E78: 7215308 | F78: 923 | G78: 901 | H78: 91.4 | I78: Saved by state policy | K78: 7215308 | L78: 7215308 | M78: 7215308 | N78: PA | O78: =K78/1000000 -> 7.215308 | P78: =L78/1000000 -> 7.215308 | Q78: =M78/1000000 -> 7.215308 | R78: PA | S78: =O78*0.0036 -> 0.025975109 | T78: =P78*0.0036 -> 0.025975109 | U78: =Q78*0.0036 -> 0.025975109
A79: PA | B79: 3166 | C79: Peach Bottom | D79: 2 | E79: 10788451 | F79: 1408 | G79: 1224 | H79: 100.6 | I79: Open | K79: 10788451 | L79: 10788451 | M79: 10788451 | N79: PA | O79: =K79/1000000 -> 10.788451 | P79: =L79/1000000 -> 10.788451 | Q79: =M79/1000000 -> 10.788451 | R79: PA | S79: =O79*0.0036 -> 0.038838424 | T79: =P79*0.0036 -> 0.038838424 | U79: =Q79*0.0036 -> 0.038838424
A80: PA | B80: 3166 | C80: Peach Bottom | D80: 3 | E80: 10891665 | F80: 1377 | G80: 1227 | H80: 101.4 | I80: Open | K80: 10891665 | L80: 10891665 | M80: 10891665 | N80: PA | O80: =K80/1000000 -> 10.891665 | P80: =L80/1000000 -> 10.891665 | Q80: =M80/1000000 -> 10.891665 | R80: PA | S80: =O80*0.0036 -> 0.039209994 | T80: =P80*0.0036 -> 0.039209994 | U80: =Q80*0.0036 -> 0.039209994
A81: PA | B81: 6103 | C81: TalenEnergy Susquehanna | D81: 1 | E81: 9554959 | F81: 1298 | G81: 1247 | H81: 87.5 | I81: Open | K81: 9554959 | L81: 9554959 | M81: 9554959 | N81: PA | O81: =K81/1000000 -> 9.554959 | P81: =L81/1000000 -> 9.554959 | Q81: =M81/1000000 -> 9.554959 | R81: PA | S81: =O81*0.0036 -> 0.034397852 | T81: =P81*0.0036 -> 0.034397852 | U81: =Q81*0.0036 -> 0.034397852
A82: PA | B82: 6103 | C82: TalenEnergy Susquehanna | D82: 2 | E82: 10907045 | F82: 1298 | G82: 1247 | H82: 99.8 | I82: Open | K82: 10907045 | L82: 10907045 | M82: 10907045 | N82: PA | O82: =K82/1000000 -> 10.907045 | P82: =L82/1000000 -> 10.907045 | Q82: =M82/1000000 -> 10.907045 | R82: PA | S82: =O82*0.0036 -> 0.039265362 | T82: =P82*0.0036 -> 0.039265362 | U82: =Q82*0.0036 -> 0.039265362
A83: PA | B83: 6105 | C83: Limerick | D83: 1 | E83: 9181855 | F83: 1139 | G83: 1120 | H83: 93.6 | I83: Open | K83: 9181855 | L83: 9181855 | M83: 9181855 | N83: PA | O83: =K83/1000000 -> 9.181855 | P83: =L83/1000000 -> 9.181855 | Q83: =M83/1000000 -> 9.181855 | R83: PA | S83: =O83*0.0036 -> 0.033054678 | T83: =P83*0.0036 -> 0.033054678 | U83: =Q83*0.0036 -> 0.033054678
A84: PA | B84: 6105 | C84: Limerick | D84: 2 | E84: 10156771 | F84: 1139 | G84: 1122 | H84: 103.3 | I84: Open | K84: 10156771 | L84: 10156771 | M84: 10156771 | N84: PA | O84: =K84/1000000 -> 10.156771 | P84: =L84/1000000 -> 10.156771 | Q84: =M84/1000000 -> 10.156771 | R84: PA | S84: =O84*0.0036 -> 0.036564376 | T84: =P84*0.0036 -> 0.036564376 | U84: =Q84*0.0036 -> 0.036564376
A85: SC | B85: 3251 | C85: H B Robinson | D85: 2 | E85: 5276118 | F85: 769 | G85: 741 | H85: 81.3 | I85: Open | K85: 5276118 | L85: 5276118 | M85: 5276118 | N85: SC | O85: =K85/1000000 -> 5.276118 | P85: =L85/1000000 -> 5.276118 | Q85: =M85/1000000 -> 5.276118 | R85: SC | S85: =O85*0.0036 -> 0.018994025 | T85: =P85*0.0036 -> 0.018994025 | U85: =Q85*0.0036 -> 0.018994025 | V85: SC | W85: =SUM(S85:S91) -> 0.18977929 | X85: =SUM(T85:T91) -> 0.18977929 | Y85: =SUM(U85:U91) -> 0.18977929
A86: SC | B86: 3265 | C86: Oconee | D86: 1 | E86: 6745635 | F86: 887 | G86: 847 | H86: 90.9 | I86: Open | K86: 6745635 | L86: 6745635 | M86: 6745635 | N86: SC | O86: =K86/1000000 -> 6.745635 | P86: =L86/1000000 -> 6.745635 | Q86: =M86/1000000 -> 6.745635 | R86: SC | S86: =O86*0.0036 -> 0.024284286 | T86: =P86*0.0036 -> 0.024284286 | U86: =Q86*0.0036 -> 0.024284286
A87: SC | B87: 3265 | C87: Oconee | D87: 2 | E87: 7581168 | F87: 887 | G87: 848 | H87: 102.1 | I87: Open | K87: 7581168 | L87: 7581168 | M87: 7581168 | N87: SC | O87: =K87/1000000 -> 7.581168 | P87: =L87/1000000 -> 7.581168 | Q87: =M87/1000000 -> 7.581168 | R87: SC | S87: =O87*0.0036 -> 0.027292205 | T87: =P87*0.0036 -> 0.027292205 | U87: =Q87*0.0036 -> 0.027292205
A88: SC | B88: 3265 | C88: Oconee | D88: 3 | E88: 6967442 | F88: 893 | G88: 859 | H88: 92.6 | I88: Open | K88: 6967442 | L88: 6967442 | M88: 6967442 | N88: SC | O88: =K88/1000000 -> 6.967442 | P88: =L88/1000000 -> 6.967442 | Q88: =M88/1000000 -> 6.967442 | R88: SC | S88: =O88*0.0036 -> 0.025082791 | T88: =P88*0.0036 -> 0.025082791 | U88: =Q88*0.0036 -> 0.025082791
A89: SC | B89: 6036 | C89: Catawba | D89: 1 | E89: 9510487 | F89: 1205 | G89: 1160 | H89: 93.6 | I89: Open | K89: 9510487 | L89: 9510487 | M89: 9510487 | N89: SC | O89: =K89/1000000 -> 9.510487 | P89: =L89/1000000 -> 9.510487 | Q89: =M89/1000000 -> 9.510487 | R89: SC | S89: =O89*0.0036 -> 0.034237753 | T89: =P89*0.0036 -> 0.034237753 | U89: =Q89*0.0036 -> 0.034237753
A90: SC | B90: 6036 | C90: Catawba | D90: 2 | E90: 9269228 | F90: 1205 | G90: 1150 | H90: 92 | I90: Open | K90: 9269228 | L90: 9269228 | M90: 9269228 | N90: SC | O90: =K90/1000000 -> 9.269228 | P90: =L90/1000000 -> 9.269228 | Q90: =M90/1000000 -> 9.269228 | R90: SC | S90: =O90*0.0036 -> 0.033369221 | T90: =P90*0.0036 -> 0.033369221 | U90: =Q90*0.0036 -> 0.033369221
A91: SC | B91: 6127 | C91: V C Summer | D91: 1 | E91: 7366391 | F91: 1030 | G91: 971 | H91: 86.6 | I91: Open | K91: 7366391 | L91: 7366391 | M91: 7366391 | N91: SC | O91: =K91/1000000 -> 7.366391 | P91: =L91/1000000 -> 7.366391 | Q91: =M91/1000000 -> 7.366391 | R91: SC | S91: =O91*0.0036 -> 0.026519008 | T91: =P91*0.0036 -> 0.026519008 | U91: =Q91*0.0036 -> 0.026519008
A92: TN | B92: 6152 | C92: Sequoyah | D92: 1 | E92: 8916875 | F92: 1221 | G92: 1152 | H92: 88.4 | I92: Open | K92: 8916875 | L92: 8916875 | M92: 8916875 | N92: TN | O92: =K92/1000000 -> 8.916875 | P92: =L92/1000000 -> 8.916875 | Q92: =M92/1000000 -> 8.916875 | R92: TN | S92: =O92*0.0036 -> 0.03210075 | T92: =P92*0.0036 -> 0.03210075 | U92: =Q92*0.0036 -> 0.03210075 | V92: TN | W92: =SUM(S92:S95) -> 0.13023498 | X92: =SUM(T92:T95) -> 0.13023498 | Y92: =SUM(U92:U95) -> 0.13023498
A93: TN | B93: 6152 | C93: Sequoyah | D93: 2 | E93: 8786874 | F93: 1221 | G93: 1126 | H93: 89.1 | I93: Open | K93: 8786874 | L93: 8786874 | M93: 8786874 | N93: TN | O93: =K93/1000000 -> 8.786874 | P93: =L93/1000000 -> 8.786874 | Q93: =M93/1000000 -> 8.786874 | R93: TN | S93: =O93*0.0036 -> 0.031632746 | T93: =P93*0.0036 -> 0.031632746 | U93: =Q93*0.0036 -> 0.031632746
A94: TN | B94: 7722 | C94: Watts Bar Nuclear Plant | D94: 1 | E94: 8828488 | F94: 1270 | G94: 1123 | H94: 89.7 | I94: Open | K94: 8828488 | L94: 8828488 | M94: 8828488 | N94: TN | O94: =K94/1000000 -> 8.828488 | P94: =L94/1000000 -> 8.828488 | Q94: =M94/1000000 -> 8.828488 | R94: TN | S94: =O94*0.0036 -> 0.031782557 | T94: =P94*0.0036 -> 0.031782557 | U94: =Q94*0.0036 -> 0.031782557
A95: TN | B95: 7722 | C95: Watts Bar Nuclear Plant | D95: 2 | E95: 9644145 | F95: 1270 | G95: 1122 | H95: 98.1 | I95: Open | K95: 9644145 | L95: 9644145 | M95: 9644145 | N95: TN | O95: =K95/1000000 -> 9.644145 | P95: =L95/1000000 -> 9.644145 | Q95: =M95/1000000 -> 9.644145 | R95: TN | S95: =O95*0.0036 -> 0.034718922 | T95: =P95*0.0036 -> 0.034718922 | U95: =Q95*0.0036 -> 0.034718922
A96: TX | B96: 6145 | C96: Comanche Peak | D96: 1 | E96: 10656299 | F96: 1215 | G96: 1205 | H96: 101 | I96: Open | K96: 10656299 | L96: 10656299 | M96: 10656299 | N96: TX | O96: =K96/1000000 -> 10.656299 | P96: =L96/1000000 -> 10.656299 | Q96: =M96/1000000 -> 10.656299 | R96: TX | S96: =O96*0.0036 -> 0.038362676 | T96: =P96*0.0036 -> 0.038362676 | U96: =Q96*0.0036 -> 0.038362676 | V96: TX | W96: =SUM(S96:S99) -> 0.14826866 | X96: =SUM(T96:T99) -> 0.14826866 | Y96: =SUM(U96:U99) -> 0.14826866
A97: TX | B97: 6145 | C97: Comanche Peak | D97: 2 | E97: 9841808 | F97: 1215 | G97: 1195 | H97: 94 | I97: Open | K97: 9841808 | L97: 9841808 | M97: 9841808 | N97: TX | O97: =K97/1000000 -> 9.841808 | P97: =L97/1000000 -> 9.841808 | Q97: =M97/1000000 -> 9.841808 | R97: TX | S97: =O97*0.0036 -> 0.035430509 | T97: =P97*0.0036 -> 0.035430509 | U97: =Q97*0.0036 -> 0.035430509
A98: TX | B98: 6251 | C98: South Texas Project | D98: 1 | E98: 10266911 | F98: 1354 | G98: 1280 | H98: 91.6 | I98: Open | K98: 10266911 | L98: 10266911 | M98: 10266911 | N98: TX | O98: =K98/1000000 -> 10.266911 | P98: =L98/1000000 -> 10.266911 | Q98: =M98/1000000 -> 10.266911 | R98: TX | S98: =O98*0.0036 -> 0.03696088 | T98: =P98*0.0036 -> 0.03696088 | U98: =Q98*0.0036 -> 0.03696088
A99: TX | B99: 6251 | C99: South Texas Project | D99: 2 | E99: 10420721 | F99: 1354 | G99: 1280 | H99: 92.9 | I99: Open | K99: 10420721 | L99: 10420721 | M99: 10420721 | N99: TX | O99: =K99/1000000 -> 10.420721 | P99: =L99/1000000 -> 10.420721 | Q99: =M99/1000000 -> 10.420721 | R99: TX | S99: =O99*0.0036 -> 0.037514596 | T99: =P99*0.0036 -> 0.037514596 | U99: =Q99*0.0036 -> 0.037514596
A100: VA | B100: 3806 | C100: Surry | D100: 1 | E100: 5928070 | F100: 848 | G100: 838 | H100: 80.8 | I100: Open | K100: 5928070 | L100: 5928070 | M100: 5928070 | N100: VA | O100: =K100/1000000 -> 5.92807 | P100: =L100/1000000 -> 5.92807 | Q100: =M100/1000000 -> 5.92807 | R100: VA | S100: =O100*0.0036 -> 0.021341052 | T100: =P100*0.0036 -> 0.021341052 | U100: =Q100*0.0036 -> 0.021341052 | V100: VA | W100: =SUM(S100:S103) -> 0.105306 | X100: =SUM(T100:T103) -> 0.105306 | Y100: =SUM(U100:U103) -> 0.105306
A101: VA | B101: 3806 | C101: Surry | D101: 2 | E101: 7291067 | F101: 848 | G101: 838 | H101: 99.3 | I101: Open | K101: 7291067 | L101: 7291067 | M101: 7291067 | N101: VA | O101: =K101/1000000 -> 7.291067 | P101: =L101/1000000 -> 7.291067 | Q101: =M101/1000000 -> 7.291067 | R101: VA | S101: =O101*0.0036 -> 0.026247841 | T101: =P101*0.0036 -> 0.026247841 | U101: =Q101*0.0036 -> 0.026247841
...
