Workbook

Sheet res_cost_IRA
D1: From NEMS | R1: Per-unit info | T1: To GCAM | AE1: 0.2765789 | AF1: conversion from 2017$ to 1975$ | AJ1: 0.2851052 | AK1: conversion from 2015$ to 1975$
A2: Service | B2: Fuel Input | C2: Technology | D2: 2010 | E2: 2015 | F2: 2020 | G2: 2025 | H2: 2030 | I2: 2035 | J2: 2040 | K2: 2045 | L2: 2050 | M2: 2100 | N2: Unit | P2: Discount rate | Q2: Lifetime | R2: Output/yr | S2: Output unit | T2: 2010 | U2: 2015 | V2: 2020 | W2: 2025 | X2: 2030 | Y2: 2035 | Z2: 2040 | AA2: 2045 | AB2: 2050 | AC2: 2100 | AD2: Unit | AE2: lookup | AJ2: 0.2701252 | AK2: conversion from 2018$ to 1975$
A3: resid heating | B3: gas | C3: gas furnace | D3: 2497.494 | E3: 2497.494 | F3: 2497.494 | G3: 2497.494 | H3: 2497.494 | I3: 2497.494 | J3: 2497.494 | K3: 2497.494 | L3: 2497.494 | M3: 2497.494 | N3: 2017$/unit | P3: 0.15 | Q3: 18.4 | R3: 42 | S3: GJ/unit/yr | T3: =-PMT($P3,$Q3,D3)*$AE$1/$R3 -> 2.6710809 | U3: =-PMT($P3,$Q3,E3)*$AE$1/$R3 -> 2.6710809 | V3: =-PMT($P3,$Q3,F3)*$AE$1/$R3 -> 2.6710809 | W3: =-PMT($P3,$Q3,G3)*$AE$1/$R3 -> 2.6710809 | X3: =-PMT($P3,$Q3,H3)*$AE$1/$R3 -> 2.6710809 | Y3: =-PMT($P3,$Q3,I3)*$AE$1/$R3 -> 2.6710809 | Z3: =-PMT($P3,$Q3,J3)*$AE$1/$R3 -> 2.6710809 | AA3: =-PMT($P3,$Q3,K3)*$AE$1/$R3 -> 2.6710809 | ... AC3: =-PMT($P3,$Q3,M3)*$AE$1/$R3 -> 2.6710809 | AD3: 1975$/GJ | AE3: =A3&B3&C3 -> resid heatinggasgas furnace
A4: resid heating | B4: gas | C4: gas furnace hi-eff | D4: 2668 | E4: 2668 | F4: 2668 | G4: 2668 | H4: 2668 | I4: 2668 | J4: 2668 | K4: 2668 | L4: 2668 | M4: 2668 | N4: 2017$/unit | P4: 0.15 | Q4: 18.4 | R4: 42 | S4: GJ/unit/yr | T4: =-PMT($P4,$Q4,D4)*$AE$1/$R4 -> 2.8534378 | U4: =-PMT($P4,$Q4,E4)*$AE$1/$R4 -> 2.8534378 | V4: =-PMT($P4,$Q4,F4)*$AE$1/$R4 -> 2.8534378 | W4: =-PMT($P4,$Q4,G4)*$AE$1/$R4 -> 2.8534378 | X4: =-PMT($P4,$Q4,H4)*$AE$1/$R4 -> 2.8534378 | Y4: =-PMT($P4,$Q4,I4)*$AE$1/$R4 -> 2.8534378 | Z4: =-PMT($P4,$Q4,J4)*$AE$1/$R4 -> 2.8534378 | AA4: =-PMT($P4,$Q4,K4)*$AE$1/$R4 -> 2.8534378 | ... AC4: =-PMT($P4,$Q4,M4)*$AE$1/$R4 -> 2.8534378 | AD4: 1975$/GJ | AE4: =A4&B4&C4 -> resid heatinggasgas furnace hi-eff
A5: resid heating | B5: electricity | C5: electric furnace | D5: 1100 | E5: 1100 | F5: 1100 | G5: 1100 | H5: 1100 | I5: 1100 | J5: 1100 | K5: 1100 | L5: 1100 | M5: 1100 | N5: 2017$/unit | P5: 0.15 | Q5: 18.4 | R5: 42 | S5: GJ/unit/yr | T5: =-PMT($P5,$Q5,D5)*$AE$1/$R5 -> 1.1764549 | U5: =-PMT($P5,$Q5,E5)*$AE$1/$R5 -> 1.1764549 | V5: =-PMT($P5,$Q5,F5)*$AE$1/$R5 -> 1.1764549 | W5: =-PMT($P5,$Q5,G5)*$AE$1/$R5 -> 1.1764549 | X5: =-PMT($P5,$Q5,H5)*$AE$1/$R5 -> 1.1764549 | Y5: =-PMT($P5,$Q5,I5)*$AE$1/$R5 -> 1.1764549 | Z5: =-PMT($P5,$Q5,J5)*$AE$1/$R5 -> 1.1764549 | AA5: =-PMT($P5,$Q5,K5)*$AE$1/$R5 -> 1.1764549 | ... AC5: =-PMT($P5,$Q5,M5)*$AE$1/$R5 -> 1.1764549 | AD5: 1975$/GJ | AE5: =A5&B5&C5 -> resid heatingelectricityelectric furnace
A6: resid heating | B6: electricity | C6: electric heat pump | D6: =$C47 -> 3659.2067 | E6: =$C47 -> 3659.2067 | F6: =$C47 -> 3659.2067 | G6: =$C47 -> 3659.2067 | H6: =$C47 -> 3659.2067 | I6: =$C47 -> 3659.2067 | J6: =$C47 -> 3659.2067 | K6: =$C47 -> 3659.2067 | ... M6: =$C47 -> 3659.2067 | N6: 2017$/unit | P6: 0.15 | Q6: 18.4 | R6: 42 | S6: GJ/unit/yr | T6: =-PMT($P6,$Q6,D6)*$AE$1/$R6 -> 3.9135377 | U6: =-PMT($P6,$Q6,E6)*$AE$1/$R6 -> 3.9135377 | V6: =-PMT($P6,$Q6,F6)*$AE$1/$R6 -> 3.9135377 | W6: =-PMT($P6,$Q6,G6)*$AE$1/$R6 -> 3.9135377 | X6: =-PMT($P6,$Q6,H6)*$AE$1/$R6 -> 3.9135377 | Y6: =-PMT($P6,$Q6,I6)*$AE$1/$R6 -> 3.9135377 | Z6: =-PMT($P6,$Q6,J6)*$AE$1/$R6 -> 3.9135377 | AA6: =-PMT($P6,$Q6,K6)*$AE$1/$R6 -> 3.9135377 | ... AC6: =-PMT($P6,$Q6,M6)*$AE$1/$R6 -> 3.9135377 | AD6: 1975$/GJ | AE6: =A6&B6&C6 -> resid heatingelectricityelectric heat pump
A7: resid heating | B7: refined liquids | C7: fuel furnace | D7: 4225 | E7: 4225 | F7: 4225 | G7: 4225 | H7: 4225 | I7: 4225 | J7: 4225 | K7: 4225 | L7: 4225 | M7: 4225 | N7: 2017$/unit | P7: 0.15 | Q7: 18.4 | R7: 42 | S7: GJ/unit/yr | T7: =-PMT($P7,$Q7,D7)*$AE$1/$R7 -> 4.5186561 | U7: =-PMT($P7,$Q7,E7)*$AE$1/$R7 -> 4.5186561 | V7: =-PMT($P7,$Q7,F7)*$AE$1/$R7 -> 4.5186561 | W7: =-PMT($P7,$Q7,G7)*$AE$1/$R7 -> 4.5186561 | X7: =-PMT($P7,$Q7,H7)*$AE$1/$R7 -> 4.5186561 | Y7: =-PMT($P7,$Q7,I7)*$AE$1/$R7 -> 4.5186561 | Z7: =-PMT($P7,$Q7,J7)*$AE$1/$R7 -> 4.5186561 | AA7: =-PMT($P7,$Q7,K7)*$AE$1/$R7 -> 4.5186561 | ... AC7: =-PMT($P7,$Q7,M7)*$AE$1/$R7 -> 4.5186561 | AD7: 1975$/GJ | AE7: =A7&B7&C7 -> resid heatingrefined liquidsfuel furnace
A8: resid heating | B8: refined liquids | C8: fuel furnace hi-eff | D8: 4350 | E8: 4350 | F8: 4350 | G8: 4350 | H8: 4350 | I8: 4350 | J8: 4350 | K8: 4350 | L8: 4350 | M8: 4350 | N8: 2017$/unit | P8: 0.15 | Q8: 18.4 | R8: 42 | S8: GJ/unit/yr | T8: =-PMT($P8,$Q8,D8)*$AE$1/$R8 -> 4.6523442 | U8: =-PMT($P8,$Q8,E8)*$AE$1/$R8 -> 4.6523442 | V8: =-PMT($P8,$Q8,F8)*$AE$1/$R8 -> 4.6523442 | W8: =-PMT($P8,$Q8,G8)*$AE$1/$R8 -> 4.6523442 | X8: =-PMT($P8,$Q8,H8)*$AE$1/$R8 -> 4.6523442 | Y8: =-PMT($P8,$Q8,I8)*$AE$1/$R8 -> 4.6523442 | Z8: =-PMT($P8,$Q8,J8)*$AE$1/$R8 -> 4.6523442 | AA8: =-PMT($P8,$Q8,K8)*$AE$1/$R8 -> 4.6523442 | ... AC8: =-PMT($P8,$Q8,M8)*$AE$1/$R8 -> 4.6523442 | AD8: 1975$/GJ | AE8: =A8&B8&C8 -> resid heatingrefined liquidsfuel furnace hi-eff
A9: resid cooling | B9: electricity | C9: air conditioning | D9: 3680.2768 | E9: 3680.2768 | F9: 3680.2768 | G9: 3942.2146 | H9: 3942.2146 | I9: 3942.2146 | J9: 3942.2146 | K9: 3942.2146 | L9: 3942.2146 | M9: 3942.2146 | N9: 2017$/unit | P9: 0.15 | Q9: 18.4 | R9: 19 | S9: GJ/unit/yr | T9: =-PMT($P9,$Q9,D9)*$AE$1/$R9 -> 8.7007914 | U9: =-PMT($P9,$Q9,E9)*$AE$1/$R9 -> 8.7007914 | V9: =-PMT($P9,$Q9,F9)*$AE$1/$R9 -> 8.7007914 | W9: =-PMT($P9,$Q9,G9)*$AE$1/$R9 -> 9.3200562 | X9: =-PMT($P9,$Q9,H9)*$AE$1/$R9 -> 9.3200562 | Y9: =-PMT($P9,$Q9,I9)*$AE$1/$R9 -> 9.3200562 | Z9: =-PMT($P9,$Q9,J9)*$AE$1/$R9 -> 9.3200562 | AA9: =-PMT($P9,$Q9,K9)*$AE$1/$R9 -> 9.3200562 | ... AC9: =-PMT($P9,$Q9,M9)*$AE$1/$R9 -> 9.3200562 | AD9: 1975$/GJ | AE9: =A9&B9&C9 -> resid coolingelectricityair conditioning
A10: resid cooling | B10: electricity | C10: air conditioning hi-eff | D10: =$C50 -> 1463.6827 | E10: =$C50 -> 1463.6827 | F10: =$C50 -> 1463.6827 | G10: =$C50 -> 1463.6827 | H10: =$C50 -> 1463.6827 | I10: =$C50 -> 1463.6827 | J10: =$C50 -> 1463.6827 | K10: =$C50 -> 1463.6827 | ... M10: =$C50 -> 1463.6827 | N10: 2017$/unit | P10: 0.15 | Q10: 18.4 | R10: 19 | S10: GJ/unit/yr | T10: =-PMT($P10,$Q10,D10)*$AE$1/$R10 -> 3.4603912 | U10: =-PMT($P10,$Q10,E10)*$AE$1/$R10 -> 3.4603912 | V10: =-PMT($P10,$Q10,F10)*$AE$1/$R10 -> 3.4603912 | W10: =-PMT($P10,$Q10,G10)*$AE$1/$R10 -> 3.4603912 | X10: =-PMT($P10,$Q10,H10)*$AE$1/$R10 -> 3.4603912 | Y10: =-PMT($P10,$Q10,I10)*$AE$1/$R10 -> 3.4603912 | Z10: =-PMT($P10,$Q10,J10)*$AE$1/$R10 -> 3.4603912 | AA10: =-PMT($P10,$Q10,K10)*$AE$1/$R10 -> 3.4603912 | ... AC10: =-PMT($P10,$Q10,M10)*$AE$1/$R10 -> 3.4603912 | AD10: 1975$/GJ | AE10: =A10&B10&C10 -> resid coolingelectricityair conditioning hi-eff
A11: resid hot water | B11: gas | C11: gas water heater | D11: 1925 | E11: 1925 | F11: 1925 | G11: 1925 | H11: 1925 | I11: 1925 | J11: 1925 | K11: 1925 | L11: 1925 | M11: 1925 | N11: 2017$/unit | P11: 0.25 | Q11: 9 | R11: 9 | S11: GJ/unit/yr | T11: =-PMT($P11,$Q11,D11)*$AE$1/$R11 -> 17.081995 | U11: =-PMT($P11,$Q11,E11)*$AE$1/$R11 -> 17.081995 | V11: =-PMT($P11,$Q11,F11)*$AE$1/$R11 -> 17.081995 | W11: =-PMT($P11,$Q11,G11)*$AE$1/$R11 -> 17.081995 | X11: =-PMT($P11,$Q11,H11)*$AE$1/$R11 -> 17.081995 | Y11: =-PMT($P11,$Q11,I11)*$AE$1/$R11 -> 17.081995 | Z11: =-PMT($P11,$Q11,J11)*$AE$1/$R11 -> 17.081995 | AA11: =-PMT($P11,$Q11,K11)*$AE$1/$R11 -> 17.081995 | ... AC11: =-PMT($P11,$Q11,M11)*$AE$1/$R11 -> 17.081995 | AD11: 1975$/GJ | AE11: =A11&B11&C11 -> resid hot watergasgas water heater
A12: resid hot water | B12: gas | C12: gas water heater hi-eff | D12: 2025 | E12: 2025 | F12: 2025 | G12: 2025 | H12: 2025 | I12: 2025 | J12: 2025 | K12: 2025 | L12: 2025 | M12: 2025 | N12: 2017$/unit | P12: 0.25 | Q12: 9 | R12: 9 | S12: GJ/unit/yr | T12: =-PMT($P12,$Q12,D12)*$AE$1/$R12 -> 17.969371 | U12: =-PMT($P12,$Q12,E12)*$AE$1/$R12 -> 17.969371 | V12: =-PMT($P12,$Q12,F12)*$AE$1/$R12 -> 17.969371 | W12: =-PMT($P12,$Q12,G12)*$AE$1/$R12 -> 17.969371 | X12: =-PMT($P12,$Q12,H12)*$AE$1/$R12 -> 17.969371 | Y12: =-PMT($P12,$Q12,I12)*$AE$1/$R12 -> 17.969371 | Z12: =-PMT($P12,$Q12,J12)*$AE$1/$R12 -> 17.969371 | AA12: =-PMT($P12,$Q12,K12)*$AE$1/$R12 -> 17.969371 | ... AC12: =-PMT($P12,$Q12,M12)*$AE$1/$R12 -> 17.969371 | AD12: 1975$/GJ | AE12: =A12&B12&C12 -> resid hot watergasgas water heater hi-eff
A13: resid hot water | B13: electricity | C13: electric heat pump water heater | D13: =$C46 -> 1600.9029 | E13: =$C46 -> 1600.9029 | F13: =$C46 -> 1600.9029 | G13: =$C46 -> 1600.9029 | H13: =$C46 -> 1600.9029 | I13: =$C46 -> 1600.9029 | J13: =$C46 -> 1600.9029 | K13: =$C46 -> 1600.9029 | ... M13: =$C46 -> 1600.9029 | N13: 2017$/unit | P13: 0.25 | Q13: 14 | R13: 9 | S13: GJ/unit/yr | T13: =-PMT($P13,$Q13,D13)*$AE$1/$R13 -> 12.865148 | U13: =-PMT($P13,$Q13,E13)*$AE$1/$R13 -> 12.865148 | V13: =-PMT($P13,$Q13,F13)*$AE$1/$R13 -> 12.865148 | W13: =-PMT($P13,$Q13,G13)*$AE$1/$R13 -> 12.865148 | X13: =-PMT($P13,$Q13,H13)*$AE$1/$R13 -> 12.865148 | Y13: =-PMT($P13,$Q13,I13)*$AE$1/$R13 -> 12.865148 | Z13: =-PMT($P13,$Q13,J13)*$AE$1/$R13 -> 12.865148 | AA13: =-PMT($P13,$Q13,K13)*$AE$1/$R13 -> 12.865148 | ... AC13: =-PMT($P13,$Q13,M13)*$AE$1/$R13 -> 12.865148 | AD13: 1975$/GJ | AE13: =A13&B13&C13 -> resid hot waterelectricityelectric heat pump water heater
A14: resid hot water | B14: electricity | C14: electric resistance water heater | D14: 850 | E14: 850 | F14: 850 | G14: 850 | H14: 850 | I14: 850 | J14: 850 | K14: 850 | L14: 850 | M14: 850 | N14: 2017$/unit | P14: 0.25 | Q14: 14 | R14: 9 | S14: GJ/unit/yr | T14: =-PMT($P14,$Q14,D14)*$AE$1/$R14 -> 6.8307549 | U14: =-PMT($P14,$Q14,E14)*$AE$1/$R14 -> 6.8307549 | V14: =-PMT($P14,$Q14,F14)*$AE$1/$R14 -> 6.8307549 | W14: =-PMT($P14,$Q14,G14)*$AE$1/$R14 -> 6.8307549 | X14: =-PMT($P14,$Q14,H14)*$AE$1/$R14 -> 6.8307549 | Y14: =-PMT($P14,$Q14,I14)*$AE$1/$R14 -> 6.8307549 | Z14: =-PMT($P14,$Q14,J14)*$AE$1/$R14 -> 6.8307549 | AA14: =-PMT($P14,$Q14,K14)*$AE$1/$R14 -> 6.8307549 | ... AC14: =-PMT($P14,$Q14,M14)*$AE$1/$R14 -> 6.8307549 | AD14: 1975$/GJ | AE14: =A14&B14&C14 -> resid hot waterelectricityelectric resistance water heater
A15: resid hot water | B15: electricity | C15: electric resistance water heater hi-eff | D15: 2075 | E15: 2075 | F15: 2075 | G15: 2075 | H15: 2075 | I15: 2075 | J15: 2075 | K15: 2075 | L15: 2075 | M15: 2075 | N15: 2017$/unit | P15: 0.25 | Q15: 14 | R15: 9 | S15: GJ/unit/yr | T15: =-PMT($P15,$Q15,D15)*$AE$1/$R15 -> 16.675078 | U15: =-PMT($P15,$Q15,E15)*$AE$1/$R15 -> 16.675078 | V15: =-PMT($P15,$Q15,F15)*$AE$1/$R15 -> 16.675078 | W15: =-PMT($P15,$Q15,G15)*$AE$1/$R15 -> 16.675078 | X15: =-PMT($P15,$Q15,H15)*$AE$1/$R15 -> 16.675078 | Y15: =-PMT($P15,$Q15,I15)*$AE$1/$R15 -> 16.675078 | Z15: =-PMT($P15,$Q15,J15)*$AE$1/$R15 -> 16.675078 | AA15: =-PMT($P15,$Q15,K15)*$AE$1/$R15 -> 16.675078 | ... AC15: =-PMT($P15,$Q15,M15)*$AE$1/$R15 -> 16.675078 | AD15: 1975$/GJ | AE15: =A15&B15&C15 -> resid hot waterelectricityelectric resistance water heater hi-eff
A16: resid hot water | B16: refined liquids | C16: fuel water heater | D16: 1925 | E16: 1925 | F16: 1925 | G16: 1925 | H16: 1925 | I16: 1925 | J16: 1925 | K16: 1925 | L16: 1925 | M16: 1925 | N16: 2017$/unit | P16: 0.25 | Q16: 9 | R16: 9 | S16: GJ/unit/yr | T16: =-PMT($P16,$Q16,D16)*$AE$1/$R16 -> 17.081995 | U16: =-PMT($P16,$Q16,E16)*$AE$1/$R16 -> 17.081995 | V16: =-PMT($P16,$Q16,F16)*$AE$1/$R16 -> 17.081995 | W16: =-PMT($P16,$Q16,G16)*$AE$1/$R16 -> 17.081995 | X16: =-PMT($P16,$Q16,H16)*$AE$1/$R16 -> 17.081995 | Y16: =-PMT($P16,$Q16,I16)*$AE$1/$R16 -> 17.081995 | Z16: =-PMT($P16,$Q16,J16)*$AE$1/$R16 -> 17.081995 | AA16: =-PMT($P16,$Q16,K16)*$AE$1/$R16 -> 17.081995 | ... AC16: =-PMT($P16,$Q16,M16)*$AE$1/$R16 -> 17.081995 | AD16: 1975$/GJ | AE16: =A16&B16&C16 -> resid hot waterrefined liquidsfuel water heater
A17: resid hot water | B17: refined liquids | C17: fuel water heater hi-eff | D17: 1925 | E17: 1925 | F17: 1925 | G17: 1925 | H17: 1925 | I17: 1925 | J17: 1925 | K17: 1925 | L17: 1925 | M17: 1925 | N17: 2017$/unit | P17: 0.25 | Q17: 9 | R17: 9 | S17: GJ/unit/yr | T17: =-PMT($P17,$Q17,D17)*$AE$1/$R17 -> 17.081995 | U17: =-PMT($P17,$Q17,E17)*$AE$1/$R17 -> 17.081995 | V17: =-PMT($P17,$Q17,F17)*$AE$1/$R17 -> 17.081995 | W17: =-PMT($P17,$Q17,G17)*$AE$1/$R17 -> 17.081995 | X17: =-PMT($P17,$Q17,H17)*$AE$1/$R17 -> 17.081995 | Y17: =-PMT($P17,$Q17,I17)*$AE$1/$R17 -> 17.081995 | Z17: =-PMT($P17,$Q17,J17)*$AE$1/$R17 -> 17.081995 | AA17: =-PMT($P17,$Q17,K17)*$AE$1/$R17 -> 17.081995 | ... AC17: =-PMT($P17,$Q17,M17)*$AE$1/$R17 -> 17.081995 | AD17: 1975$/GJ | AE17: =A17&B17&C17 -> resid hot waterrefined liquidsfuel water heater hi-eff
A18: resid refrigerators | B18: electricity | C18: refrigerator | D18: 1096.6667 | E18: 1096.6667 | F18: 1096.6667 | G18: 1096.6667 | H18: 1096.6667 | I18: 1096.6667 | J18: 1096.6667 | K18: 1096.6667 | L18: 1096.6667 | M18: 1096.6667 | N18: 2017$/unit | P18: 0.15 | Q18: 19 | R18: =res_eff!D18*res_eff!P18*0.0036 -> 3.696 | S18: GJ/unit/yr | T18: =-PMT($P18,$Q18,D18)*$AE$1/$R18 -> 13.240182 | U18: =-PMT($P18,$Q18,E18)*$AE$1/$R18 -> 13.240182 | V18: =-PMT($P18,$Q18,F18)*$AE$1/$R18 -> 13.240182 | W18: =-PMT($P18,$Q18,G18)*$AE$1/$R18 -> 13.240182 | X18: =-PMT($P18,$Q18,H18)*$AE$1/$R18 -> 13.240182 | Y18: =-PMT($P18,$Q18,I18)*$AE$1/$R18 -> 13.240182 | Z18: =-PMT($P18,$Q18,J18)*$AE$1/$R18 -> 13.240182 | AA18: =-PMT($P18,$Q18,K18)*$AE$1/$R18 -> 13.240182 | ... AC18: =-PMT($P18,$Q18,M18)*$AE$1/$R18 -> 13.240182 | AD18: 1975$/GJ | AE18: =A18&B18&C18 -> resid refrigeratorselectricityrefrigerator
A19: resid refrigerators | B19: electricity | C19: refrigerator hi-eff | D19: 1186.67 | E19: 1186.67 | F19: 1186.67 | G19: 1186.67 | H19: 1186.67 | I19: 1186.67 | J19: 1186.67 | K19: 1186.67 | L19: 1186.67 | M19: 1186.67 | N19: 2017$/unit | P19: 0.15 | Q19: 19 | R19: =R18 -> 3.696 | S19: GJ/unit/yr | T19: =-PMT($P19,$Q19,D19)*$AE$1/$R19 -> 14.326803 | U19: =-PMT($P19,$Q19,E19)*$AE$1/$R19 -> 14.326803 | V19: =-PMT($P19,$Q19,F19)*$AE$1/$R19 -> 14.326803 | W19: =-PMT($P19,$Q19,G19)*$AE$1/$R19 -> 14.326803 | X19: =-PMT($P19,$Q19,H19)*$AE$1/$R19 -> 14.326803 | Y19: =-PMT($P19,$Q19,I19)*$AE$1/$R19 -> 14.326803 | Z19: =-PMT($P19,$Q19,J19)*$AE$1/$R19 -> 14.326803 | AA19: =-PMT($P19,$Q19,K19)*$AE$1/$R19 -> 14.326803 | ... AC19: =-PMT($P19,$Q19,M19)*$AE$1/$R19 -> 14.326803 | AD19: 1975$/GJ | AE19: =A19&B19&C19 -> resid refrigeratorselectricityrefrigerator hi-eff
A20: resid cooking | B20: gas | C20: gas oven | D20: 370 | E20: 370 | F20: 370 | G20: 370 | H20: 370 | I20: 370 | J20: 370 | K20: 370 | L20: 370 | M20: 370 | N20: 2017$/unit | P20: 0.15 | Q20: 19 | R20: =$R$22 -> 0.79765211 | S20: GJ/unit/yr | T20: =-PMT($P20,$Q20,D20)*$AE$1/$R20 -> 20.698529 | U20: =-PMT($P20,$Q20,E20)*$AE$1/$R20 -> 20.698529 | V20: =-PMT($P20,$Q20,F20)*$AE$1/$R20 -> 20.698529 | W20: =-PMT($P20,$Q20,G20)*$AE$1/$R20 -> 20.698529 | X20: =-PMT($P20,$Q20,H20)*$AE$1/$R20 -> 20.698529 | Y20: =-PMT($P20,$Q20,I20)*$AE$1/$R20 -> 20.698529 | Z20: =-PMT($P20,$Q20,J20)*$AE$1/$R20 -> 20.698529 | AA20: =-PMT($P20,$Q20,K20)*$AE$1/$R20 -> 20.698529 | ... AC20: =-PMT($P20,$Q20,M20)*$AE$1/$R20 -> 20.698529 | AD20: 1975$/GJ | AE20: =A20&B20&C20 -> resid cookinggasgas oven
A21: resid cooking | B21: gas | C21: gas oven hi-eff | D21: 370 | E21: 370 | F21: 370 | G21: 370 | H21: 370 | I21: 370 | J21: 370 | K21: 370 | L21: 370 | M21: 370 | N21: 2017$/unit | P21: 0.15 | Q21: 19 | R21: =$R$22 -> 0.79765211 | S21: GJ/unit/yr | T21: =-PMT($P21,$Q21,D21)*$AE$1/$R21 -> 20.698529 | U21: =-PMT($P21,$Q21,E21)*$AE$1/$R21 -> 20.698529 | V21: =-PMT($P21,$Q21,F21)*$AE$1/$R21 -> 20.698529 | W21: =-PMT($P21,$Q21,G21)*$AE$1/$R21 -> 20.698529 | X21: =-PMT($P21,$Q21,H21)*$AE$1/$R21 -> 20.698529 | Y21: =-PMT($P21,$Q21,I21)*$AE$1/$R21 -> 20.698529 | Z21: =-PMT($P21,$Q21,J21)*$AE$1/$R21 -> 20.698529 | AA21: =-PMT($P21,$Q21,K21)*$AE$1/$R21 -> 20.698529 | ... AC21: =-PMT($P21,$Q21,M21)*$AE$1/$R21 -> 20.698529 | AD21: 1975$/GJ | AE21: =A21&B21&C21 -> resid cookinggasgas oven hi-eff
A22: resid cooking | B22: electricity | C22: electric oven | D22: =$C48 -> 384.2167 | E22: =$C48 -> 384.2167 | F22: =$C48 -> 384.2167 | G22: =$C48 -> 384.2167 | H22: =$C48 -> 384.2167 | I22: =$C48 -> 384.2167 | J22: =$C48 -> 384.2167 | K22: =$C48 -> 384.2167 | ... M22: =$C48 -> 384.2167 | N22: 2017$/unit | P22: 0.15 | Q22: 19 | R22: =res_eff!D22*res_eff!P22*0.0036 -> 0.79765211 | S22: GJ/unit/yr | T22: =-PMT($P22,$Q22,D22)*$AE$1/$R22 -> 21.493839 | U22: =-PMT($P22,$Q22,E22)*$AE$1/$R22 -> 21.493839 | V22: =-PMT($P22,$Q22,F22)*$AE$1/$R22 -> 21.493839 | W22: =-PMT($P22,$Q22,G22)*$AE$1/$R22 -> 21.493839 | X22: =-PMT($P22,$Q22,H22)*$AE$1/$R22 -> 21.493839 | Y22: =-PMT($P22,$Q22,I22)*$AE$1/$R22 -> 21.493839 | Z22: =-PMT($P22,$Q22,J22)*$AE$1/$R22 -> 21.493839 | AA22: =-PMT($P22,$Q22,K22)*$AE$1/$R22 -> 21.493839 | ... AC22: =-PMT($P22,$Q22,M22)*$AE$1/$R22 -> 21.493839 | AD22: 1975$/GJ | AE22: =A22&B22&C22 -> resid cookingelectricityelectric oven
A23: resid clothes dryers | B23: gas | C23: clothes dryer | D23: 660 | E23: 660 | F23: 660 | G23: 660 | H23: 660 | I23: 660 | J23: 660 | K23: 660 | L23: 660 | M23: 660 | N23: 2017$/unit | P23: 0.15 | Q23: 10 | R23: =res_eff!D25*res_eff!P25*0.454 -> 1018.776 | S23: kg/unit/yr | T23: =-PMT($P23,$Q23,D23)*$AE$1/$R23 -> 0.035701552 | U23: =-PMT($P23,$Q23,E23)*$AE$1/$R23 -> 0.035701552 | V23: =-PMT($P23,$Q23,F23)*$AE$1/$R23 -> 0.035701552 | W23: =-PMT($P23,$Q23,G23)*$AE$1/$R23 -> 0.035701552 | X23: =-PMT($P23,$Q23,H23)*$AE$1/$R23 -> 0.035701552 | Y23: =-PMT($P23,$Q23,I23)*$AE$1/$R23 -> 0.035701552 | Z23: =-PMT($P23,$Q23,J23)*$AE$1/$R23 -> 0.035701552 | AA23: =-PMT($P23,$Q23,K23)*$AE$1/$R23 -> 0.035701552 | ... AC23: =-PMT($P23,$Q23,M23)*$AE$1/$R23 -> 0.035701552 | AD23: 1975$/kg | AE23: =A23&B23&C23 -> resid clothes dryersgasclothes dryer
A24: resid clothes dryers | B24: gas | C24: clothes dryer | D24: 660 | E24: 660 | F24: 660 | G24: 660 | H24: 660 | I24: 660 | J24: 660 | K24: 660 | L24: 660 | M24: 660 | N24: 2017$/unit | P24: 0.15 | Q24: 10 | R24: =$R$23 -> 1018.776 | S24: kg/unit/yr | T24: =-PMT($P24,$Q24,D24)*$AE$1/$R24 -> 0.035701552 | U24: =-PMT($P24,$Q24,E24)*$AE$1/$R24 -> 0.035701552 | V24: =-PMT($P24,$Q24,F24)*$AE$1/$R24 -> 0.035701552 | W24: =-PMT($P24,$Q24,G24)*$AE$1/$R24 -> 0.035701552 | X24: =-PMT($P24,$Q24,H24)*$AE$1/$R24 -> 0.035701552 | Y24: =-PMT($P24,$Q24,I24)*$AE$1/$R24 -> 0.035701552 | Z24: =-PMT($P24,$Q24,J24)*$AE$1/$R24 -> 0.035701552 | AA24: =-PMT($P24,$Q24,K24)*$AE$1/$R24 -> 0.035701552 | ... AC24: =-PMT($P24,$Q24,M24)*$AE$1/$R24 -> 0.035701552 | AD24: 1975$/kg | AE24: =A24&B24&C24 -> resid clothes dryersgasclothes dryer
A25: resid clothes dryers | B25: electricity | C25: clothes dryer | D25: 540 | E25: 540 | F25: 540 | G25: 540 | H25: 540 | I25: 540 | J25: 540 | K25: 540 | L25: 540 | M25: 540 | N25: 2017$/unit | P25: 0.15 | Q25: 10 | R25: =$R$23 -> 1018.776 | S25: kg/unit/yr | T25: =-PMT($P25,$Q25,D25)*$AE$1/$R25 -> 0.029210361 | U25: =-PMT($P25,$Q25,E25)*$AE$1/$R25 -> 0.029210361 | V25: =-PMT($P25,$Q25,F25)*$AE$1/$R25 -> 0.029210361 | W25: =-PMT($P25,$Q25,G25)*$AE$1/$R25 -> 0.029210361 | X25: =-PMT($P25,$Q25,H25)*$AE$1/$R25 -> 0.029210361 | Y25: =-PMT($P25,$Q25,I25)*$AE$1/$R25 -> 0.029210361 | Z25: =-PMT($P25,$Q25,J25)*$AE$1/$R25 -> 0.029210361 | AA25: =-PMT($P25,$Q25,K25)*$AE$1/$R25 -> 0.029210361 | ... AC25: =-PMT($P25,$Q25,M25)*$AE$1/$R25 -> 0.029210361 | AD25: 1975$/kg | AE25: =A25&B25&C25 -> resid clothes dryerselectricityclothes dryer
A26: resid clothes dryers | B26: electricity | C26: clothes dryer hi-eff | D26: =$C48 -> 384.2167 | E26: =$C48 -> 384.2167 | F26: =$C48 -> 384.2167 | G26: =$C48 -> 384.2167 | H26: =$C48 -> 384.2167 | I26: =$C48 -> 384.2167 | J26: =$C48 -> 384.2167 | K26: =$C48 -> 384.2167 | ... M26: =$C48 -> 384.2167 | N26: 2017$/unit | P26: 0.15 | Q26: 10 | R26: =$R$23 -> 1018.776 | S26: kg/unit/yr | T26: =-PMT($P26,$Q26,D26)*$AE$1/$R26 -> 0.020783534 | U26: =-PMT($P26,$Q26,E26)*$AE$1/$R26 -> 0.020783534 | V26: =-PMT($P26,$Q26,F26)*$AE$1/$R26 -> 0.020783534 | W26: =-PMT($P26,$Q26,G26)*$AE$1/$R26 -> 0.020783534 | X26: =-PMT($P26,$Q26,H26)*$AE$1/$R26 -> 0.020783534 | Y26: =-PMT($P26,$Q26,I26)*$AE$1/$R26 -> 0.020783534 | Z26: =-PMT($P26,$Q26,J26)*$AE$1/$R26 -> 0.020783534 | AA26: =-PMT($P26,$Q26,K26)*$AE$1/$R26 -> 0.020783534 | ... AC26: =-PMT($P26,$Q26,M26)*$AE$1/$R26 -> 0.020783534 | AD26: 1975$/kg | AE26: =A26&B26&C26 -> resid clothes dryerselectricityclothes dryer hi-eff
A27: resid freezers | B27: electricity | C27: freezer | D27: 625 | E27: 625 | F27: 625 | G27: 625 | H27: 625 | I27: 625 | J27: 625 | K27: 625 | L27: 625 | M27: 625 | N27: 2017$/unit | P27: 0.15 | Q27: 10 | R27: =res_eff!D27*res_eff!P27*0.0036 -> 1.3374 | S27: GJ/unit/yr | T27: =-PMT($P27,$Q27,D27)*$AE$1/$R27 -> 25.753756 | U27: =-PMT($P27,$Q27,E27)*$AE$1/$R27 -> 25.753756 | V27: =-PMT($P27,$Q27,F27)*$AE$1/$R27 -> 25.753756 | W27: =-PMT($P27,$Q27,G27)*$AE$1/$R27 -> 25.753756 | X27: =-PMT($P27,$Q27,H27)*$AE$1/$R27 -> 25.753756 | Y27: =-PMT($P27,$Q27,I27)*$AE$1/$R27 -> 25.753756 | Z27: =-PMT($P27,$Q27,J27)*$AE$1/$R27 -> 25.753756 | AA27: =-PMT($P27,$Q27,K27)*$AE$1/$R27 -> 25.753756 | ... AC27: =-PMT($P27,$Q27,M27)*$AE$1/$R27 -> 25.753756 | AD27: 1975$/GJ | AE27: =A27&B27&C27 -> resid freezerselectricityfreezer
A28: resid freezers | B28: electricity | C28: freezer hi-eff | D28: 625 | E28: 625 | F28: 625 | G28: 625 | H28: 625 | I28: 625 | J28: 625 | K28: 625 | L28: 625 | M28: 625 | N28: 2017$/unit | P28: 0.15 | Q28: 10 | R28: =R27 -> 1.3374 | S28: GJ/unit/yr | T28: =-PMT($P28,$Q28,D28)*$AE$1/$R28 -> 25.753756 | U28: =-PMT($P28,$Q28,E28)*$AE$1/$R28 -> 25.753756 | V28: =-PMT($P28,$Q28,F28)*$AE$1/$R28 -> 25.753756 | W28: =-PMT($P28,$Q28,G28)*$AE$1/$R28 -> 25.753756 | X28: =-PMT($P28,$Q28,H28)*$AE$1/$R28 -> 25.753756 | Y28: =-PMT($P28,$Q28,I28)*$AE$1/$R28 -> 25.753756 | Z28: =-PMT($P28,$Q28,J28)*$AE$1/$R28 -> 25.753756 | AA28: =-PMT($P28,$Q28,K28)*$AE$1/$R28 -> 25.753756 | ... AC28: =-PMT($P28,$Q28,M28)*$AE$1/$R28 -> 25.753756 | AD28: 1975$/GJ | AE28: =A28&B28&C28 -> resid freezerselectricityfreezer hi-eff
A29: resid lighting | B29: electricity | C29: incandescent | D29: 1.99 | E29: 1.99 | F29: 1.99 | G29: 1.99 | H29: 1.99 | I29: 1.99 | J29: 1.99 | K29: 1.99 | L29: 1.99 | M29: 1.99 | N29: 2017$/unit | P29: 0.15 | Q29: =[1]rsmlgt_AT15!$G$38/8760/0.1 -> 1.1415525 | R29: =[1]rsmlgt_AT15!$F$36*res_eff!D29*8760*0.1/1000000 -> 0.8688168 | S29: mil lumen-hours/unit/yr | T29: =-PMT($P29,$Q29,D29)*$AE$1/$R29 -> 0.64436911 | U29: =-PMT($P29,$Q29,E29)*$AE$1/$R29 -> 0.64436911 | V29: =-PMT($P29,$Q29,F29)*$AE$1/$R29 -> 0.64436911 | W29: =-PMT($P29,$Q29,G29)*$AE$1/$R29 -> 0.64436911 | X29: =-PMT($P29,$Q29,H29)*$AE$1/$R29 -> 0.64436911 | Y29: =-PMT($P29,$Q29,I29)*$AE$1/$R29 -> 0.64436911 | Z29: =-PMT($P29,$Q29,J29)*$AE$1/$R29 -> 0.64436911 | AA29: =-PMT($P29,$Q29,K29)*$AE$1/$R29 -> 0.64436911 | ... AC29: =-PMT($P29,$Q29,M29)*$AE$1/$R29 -> 0.64436911 | AD29: 1975$/mil lumen-hr | AE29: =A29&B29&C29 -> resid lightingelectricityincandescent
A30: resid lighting | B30: electricity | C30: fluorescent | D30: 1.98 | E30: 1.98 | F30: 1.98 | G30: 1.98 | H30: 1.89 | I30: 1.89 | J30: 1.79 | K30: 1.79 | L30: 1.79 | M30: 1.79 | N30: 2017$/unit | P30: 0.15 | Q30: =[1]rsmlgt_AT15!$G$41/8760/0.1 -> 11.415525 | R30: =$R$29 -> 0.8688168 | S30: mil lumen-hours/unit/yr | T30: =-PMT($P30,$Q30,D30)*$AE$1/$R30 -> 0.1186011 | U30: =-PMT($P30,$Q30,E30)*$AE$1/$R30 -> 0.1186011 | V30: =-PMT($P30,$Q30,F30)*$AE$1/$R30 -> 0.1186011 | W30: =-PMT($P30,$Q30,G30)*$AE$1/$R30 -> 0.1186011 | X30: =-PMT($P30,$Q30,H30)*$AE$1/$R30 -> 0.11321014 | Y30: =-PMT($P30,$Q30,I30)*$AE$1/$R30 -> 0.11321014 | Z30: =-PMT($P30,$Q30,J30)*$AE$1/$R30 -> 0.10722019 | AA30: =-PMT($P30,$Q30,K30)*$AE$1/$R30 -> 0.10722019 | ... AC30: =-PMT($P30,$Q30,M30)*$AE$1/$R30 -> 0.10722019 | AD30: 1975$/mil lumen-hr | AE30: =A30&B30&C30 -> resid lightingelectricityfluorescent
A31: resid lighting | B31: electricity | C31: solid state | D31: 1.24 | E31: 1.24 | F31: 1.24 | G31: 0.94 | H31: 0.63 | I31: 0.63 | J31: 0.42 | K31: 0.42 | L31: 0.42 | M31: 0.42 | N31: 2017$/unit | P31: 0.15 | Q31: =[1]rsmlgt_AT15!$G$50/8760/0.1 -> 38.835616 | R31: =$R$29 -> 0.8688168 | S31: mil lumen-hours/unit/yr | T31: =-PMT($P31,$Q31,D31)*$AE$1/$R31 -> 0.059472452 | U31: =-PMT($P31,$Q31,E31)*$AE$1/$R31 -> 0.059472452 | V31: =-PMT($P31,$Q31,F31)*$AE$1/$R31 -> 0.059472452 | W31: =-PMT($P31,$Q31,G31)*$AE$1/$R31 -> 0.045083955 | X31: =-PMT($P31,$Q31,H31)*$AE$1/$R31 -> 0.030215842 | Y31: =-PMT($P31,$Q31,I31)*$AE$1/$R31 -> 0.030215842 | Z31: =-PMT($P31,$Q31,J31)*$AE$1/$R31 -> 0.020143895 | AA31: =-PMT($P31,$Q31,K31)*$AE$1/$R31 -> 0.020143895 | ... AC31: =-PMT($P31,$Q31,M31)*$AE$1/$R31 -> 0.020143895 | AD31: 1975$/mil lumen-hr | AE31: =A31&B31&C31 -> resid lightingelectricitysolid state
A32: resid clothes washers | B32: electricity | C32: clothes washer | D32: 875 | E32: 875 | F32: 875 | G32: 875 | H32: 900 | I32: 900 | J32: 900 | K32: 900 | L32: 900 | M32: 900 | N32: 2017$/unit | P32: 0.15 | Q32: 10 | R32: 392 | S32: cycles/unit/yr | T32: =-PMT($P32,$Q32,D32)*$AE$1/$R32 -> 0.12301097 | U32: =-PMT($P32,$Q32,E32)*$AE$1/$R32 -> 0.12301097 | V32: =-PMT($P32,$Q32,F32)*$AE$1/$R32 -> 0.12301097 | W32: =-PMT($P32,$Q32,G32)*$AE$1/$R32 -> 0.12301097 | X32: =-PMT($P32,$Q32,H32)*$AE$1/$R32 -> 0.12652557 | Y32: =-PMT($P32,$Q32,I32)*$AE$1/$R32 -> 0.12652557 | Z32: =-PMT($P32,$Q32,J32)*$AE$1/$R32 -> 0.12652557 | AA32: =-PMT($P32,$Q32,K32)*$AE$1/$R32 -> 0.12652557 | ... AC32: =-PMT($P32,$Q32,M32)*$AE$1/$R32 -> 0.12652557 | AD32: 1975$/cycle | AE32: =A32&B32&C32 -> resid clothes washerselectricityclothes washer
A33: resid clothes washers | B33: electricity | C33: clothes washer hi-eff | D33: 875 | E33: 875 | F33: 875 | G33: 875 | H33: 900 | I33: 900 | J33: 900 | K33: 900 | L33: 900 | M33: 900 | N33: 2017$/unit | P33: 0.15 | Q33: 10 | R33: 392 | S33: cycles/unit/yr | T33: =-PMT($P33,$Q33,D33)*$AE$1/$R33 -> 0.12301097 | U33: =-PMT($P33,$Q33,E33)*$AE$1/$R33 -> 0.12301097 | V33: =-PMT($P33,$Q33,F33)*$AE$1/$R33 -> 0.12301097 | W33: =-PMT($P33,$Q33,G33)*$AE$1/$R33 -> 0.12301097 | X33: =-PMT($P33,$Q33,H33)*$AE$1/$R33 -> 0.12652557 | Y33: =-PMT($P33,$Q33,I33)*$AE$1/$R33 -> 0.12652557 | Z33: =-PMT($P33,$Q33,J33)*$AE$1/$R33 -> 0.12652557 | AA33: =-PMT($P33,$Q33,K33)*$AE$1/$R33 -> 0.12652557 | ... AC33: =-PMT($P33,$Q33,M33)*$AE$1/$R33 -> 0.12652557 | AD33: 1975$/cycle | AE33: =A33&B33&C33 -> resid clothes washerselectricityclothes washer hi-eff
A34: resid dishwashers | B34: electricity | C34: dishwasher | D34: 485 | E34: 485 | F34: 485 | G34: 485 | H34: 485 | I34: 485 | J34: 485 | K34: 485 | L34: 485 | M34: 485 | N34: 2017$/unit | P34: 0.15 | Q34: 12.6 | R34: 215 | S34: cycles/unit/yr | T34: =-PMT($P34,$Q34,D34)*$AE$1/$R34 -> 0.11300991 | U34: =-PMT($P34,$Q34,E34)*$AE$1/$R34 -> 0.11300991 | V34: =-PMT($P34,$Q34,F34)*$AE$1/$R34 -> 0.11300991 | W34: =-PMT($P34,$Q34,G34)*$AE$1/$R34 -> 0.11300991 | X34: =-PMT($P34,$Q34,H34)*$AE$1/$R34 -> 0.11300991 | Y34: =-PMT($P34,$Q34,I34)*$AE$1/$R34 -> 0.11300991 | Z34: =-PMT($P34,$Q34,J34)*$AE$1/$R34 -> 0.11300991 | AA34: =-PMT($P34,$Q34,K34)*$AE$1/$R34 -> 0.11300991 | ... AC34: =-PMT($P34,$Q34,M34)*$AE$1/$R34 -> 0.11300991 | AD34: 1975$/cycle | AE34: =A34&B34&C34 -> resid dishwasherselectricitydishwasher
A35: resid dishwashers | B35: electricity | C35: dishwasher hi-eff | D35: 485 | E35: 485 | F35: 485 | G35: 485 | H35: 485 | I35: 485 | J35: 485 | K35: 485 | L35: 485 | M35: 485 | N35: 2017$/unit | P35: 0.15 | Q35: 12.6 | R35: 215 | S35: cycles/unit/yr | T35: =-PMT($P35,$Q35,D35)*$AE$1/$R35 -> 0.11300991 | U35: =-PMT($P35,$Q35,E35)*$AE$1/$R35 -> 0.11300991 | V35: =-PMT($P35,$Q35,F35)*$AE$1/$R35 -> 0.11300991 | W35: =-PMT($P35,$Q35,G35)*$AE$1/$R35 -> 0.11300991 | X35: =-PMT($P35,$Q35,H35)*$AE$1/$R35 -> 0.11300991 | Y35: =-PMT($P35,$Q35,I35)*$AE$1/$R35 -> 0.11300991 | Z35: =-PMT($P35,$Q35,J35)*$AE$1/$R35 -> 0.11300991 | AA35: =-PMT($P35,$Q35,K35)*$AE$1/$R35 -> 0.11300991 | ... AC35: =-PMT($P35,$Q35,M35)*$AE$1/$R35 -> 0.11300991 | AD35: 1975$/cycle | AE35: =A35&B35&C35 -> resid dishwasherselectricitydishwasher hi-eff
A36: resid televisions | B36: electricity | C36: electricity
A37: resid computers | B37: electricity | C37: electricity
A38: resid furnace fans | B38: electricity | C38: electricity
A39: resid other | B39: gas | C39: gas
A40: resid other | B40: electricity | C40: electricity
A41: resid other | B41: refined liquids | C41: refined liquids
A43: factor | B43: =107.749/117.784 -> 0.91480167
B45: $2020USD | C45: $2017USD
A46: heat pump water heater | B46: 1750 | C46: =B46*$B$43 -> 1600.9029
A47: heat pump for space heating or cooling | B47: 8000 | C47: =B47*$B$43/2 -> 3659.2067 | D47: assuming half of the subsidy since GCAM only has electric heat pump for heating
A48: electri stove, cooktop range, or over or an electric heat pump clothes dryer. | B48: 840 | C48: =B48*$B$43/2 -> 384.2167 | D48: assuming equally split between electric oven and hi-eff dryer
A49: electric load service center | B49: 4000 | C49: NA
A50: insulation, air sealing, and ventilation | B50: 1600 | C50: =B50*$B$43 -> 1463.6827 | D50: assuming goes to hi-ef air conditioning
A51: electric wiring | B51: 2500 | C51: NA

Sheet res_cost
D1: From NEMS | R1: Per-unit info | T1: To GCAM | AE1: 0.2765789 | AF1: conversion from 2017$ to 1975$ | AJ1: 0.2851052 | AK1: conversion from 2015$ to 1975$
A2: Service | B2: Fuel Input | C2: Technology | D2: 2010 | E2: 2015 | F2: 2020 | G2: 2025 | H2: 2030 | I2: 2035 | J2: 2040 | K2: 2045 | L2: 2050 | M2: 2100 | N2: Unit | P2: Discount rate | Q2: Lifetime | R2: Output/yr | S2: Output unit | T2: 2010 | U2: 2015 | V2: 2020 | W2: 2025 | X2: 2030 | Y2: 2035 | Z2: 2040 | AA2: 2045 | AB2: 2050 | AC2: 2100 | AD2: Unit | AE2: lookup | AJ2: 0.2701252 | AK2: conversion from 2018$ to 1975$
A3: resid heating | B3: gas | C3: gas furnace | D3: 2497.494 | E3: 2497.494 | F3: 2497.494 | G3: 2497.494 | H3: 2497.494 | I3: 2497.494 | J3: 2497.494 | K3: 2497.494 | L3: 2497.494 | M3: 2497.494 | N3: 2017$/unit | P3: 0.15 | Q3: 18.4 | R3: 42 | S3: GJ/unit/yr | T3: =-PMT($P3,$Q3,D3)*$AE$1/$R3 -> 2.6710809 | U3: =-PMT($P3,$Q3,E3)*$AE$1/$R3 -> 2.6710809 | V3: =-PMT($P3,$Q3,F3)*$AE$1/$R3 -> 2.6710809 | W3: =-PMT($P3,$Q3,G3)*$AE$1/$R3 -> 2.6710809 | X3: =-PMT($P3,$Q3,H3)*$AE$1/$R3 -> 2.6710809 | Y3: =-PMT($P3,$Q3,I3)*$AE$1/$R3 -> 2.6710809 | Z3: =-PMT($P3,$Q3,J3)*$AE$1/$R3 -> 2.6710809 | AA3: =-PMT($P3,$Q3,K3)*$AE$1/$R3 -> 2.6710809 | ... AC3: =-PMT($P3,$Q3,M3)*$AE$1/$R3 -> 2.6710809 | AD3: 1975$/GJ | AE3: =A3&B3&C3 -> resid heatinggasgas furnace
A4: resid heating | B4: gas | C4: gas furnace hi-eff | D4: 2668 | E4: 2668 | F4: 2668 | G4: 2668 | H4: 2668 | I4: 2668 | J4: 2668 | K4: 2668 | L4: 2668 | M4: 2668 | N4: 2017$/unit | P4: 0.15 | Q4: 18.4 | R4: 42 | S4: GJ/unit/yr | T4: =-PMT($P4,$Q4,D4)*$AE$1/$R4 -> 2.8534378 | U4: =-PMT($P4,$Q4,E4)*$AE$1/$R4 -> 2.8534378 | V4: =-PMT($P4,$Q4,F4)*$AE$1/$R4 -> 2.8534378 | W4: =-PMT($P4,$Q4,G4)*$AE$1/$R4 -> 2.8534378 | X4: =-PMT($P4,$Q4,H4)*$AE$1/$R4 -> 2.8534378 | Y4: =-PMT($P4,$Q4,I4)*$AE$1/$R4 -> 2.8534378 | Z4: =-PMT($P4,$Q4,J4)*$AE$1/$R4 -> 2.8534378 | AA4: =-PMT($P4,$Q4,K4)*$AE$1/$R4 -> 2.8534378 | ... AC4: =-PMT($P4,$Q4,M4)*$AE$1/$R4 -> 2.8534378 | AD4: 1975$/GJ | AE4: =A4&B4&C4 -> resid heatinggasgas furnace hi-eff
A5: resid heating | B5: electricity | C5: electric furnace | D5: 1100 | E5: 1100 | F5: 1100 | G5: 1100 | H5: 1100 | I5: 1100 | J5: 1100 | K5: 1100 | L5: 1100 | M5: 1100 | N5: 2017$/unit | P5: 0.15 | Q5: 18.4 | R5: 42 | S5: GJ/unit/yr | T5: =-PMT($P5,$Q5,D5)*$AE$1/$R5 -> 1.1764549 | U5: =-PMT($P5,$Q5,E5)*$AE$1/$R5 -> 1.1764549 | V5: =-PMT($P5,$Q5,F5)*$AE$1/$R5 -> 1.1764549 | W5: =-PMT($P5,$Q5,G5)*$AE$1/$R5 -> 1.1764549 | X5: =-PMT($P5,$Q5,H5)*$AE$1/$R5 -> 1.1764549 | Y5: =-PMT($P5,$Q5,I5)*$AE$1/$R5 -> 1.1764549 | Z5: =-PMT($P5,$Q5,J5)*$AE$1/$R5 -> 1.1764549 | AA5: =-PMT($P5,$Q5,K5)*$AE$1/$R5 -> 1.1764549 | ... AC5: =-PMT($P5,$Q5,M5)*$AE$1/$R5 -> 1.1764549 | AD5: 1975$/GJ | AE5: =A5&B5&C5 -> resid heatingelectricityelectric furnace
A6: resid heating | B6: electricity | C6: electric heat pump | D6: 6100 | E6: 6100 | F6: 6100 | G6: 6100 | H6: 6100 | I6: 6100 | J6: 6100 | K6: 6100 | L6: 6100 | M6: 6100 | N6: 2017$/unit | P6: 0.15 | Q6: 18.4 | R6: 42 | S6: GJ/unit/yr | T6: =-PMT($P6,$Q6,D6)*$AE$1/$R6 -> 6.5239769 | U6: =-PMT($P6,$Q6,E6)*$AE$1/$R6 -> 6.5239769 | V6: =-PMT($P6,$Q6,F6)*$AE$1/$R6 -> 6.5239769 | W6: =-PMT($P6,$Q6,G6)*$AE$1/$R6 -> 6.5239769 | X6: =-PMT($P6,$Q6,H6)*$AE$1/$R6 -> 6.5239769 | Y6: =-PMT($P6,$Q6,I6)*$AE$1/$R6 -> 6.5239769 | Z6: =-PMT($P6,$Q6,J6)*$AE$1/$R6 -> 6.5239769 | AA6: =-PMT($P6,$Q6,K6)*$AE$1/$R6 -> 6.5239769 | ... AC6: =-PMT($P6,$Q6,M6)*$AE$1/$R6 -> 6.5239769 | AD6: 1975$/GJ | AE6: =A6&B6&C6 -> resid heatingelectricityelectric heat pump
A7: resid heating | B7: refined liquids | C7: fuel furnace | D7: 4225 | E7: 4225 | F7: 4225 | G7: 4225 | H7: 4225 | I7: 4225 | J7: 4225 | K7: 4225 | L7: 4225 | M7: 4225 | N7: 2017$/unit | P7: 0.15 | Q7: 18.4 | R7: 42 | S7: GJ/unit/yr | T7: =-PMT($P7,$Q7,D7)*$AE$1/$R7 -> 4.5186561 | U7: =-PMT($P7,$Q7,E7)*$AE$1/$R7 -> 4.5186561 | V7: =-PMT($P7,$Q7,F7)*$AE$1/$R7 -> 4.5186561 | W7: =-PMT($P7,$Q7,G7)*$AE$1/$R7 -> 4.5186561 | X7: =-PMT($P7,$Q7,H7)*$AE$1/$R7 -> 4.5186561 | Y7: =-PMT($P7,$Q7,I7)*$AE$1/$R7 -> 4.5186561 | Z7: =-PMT($P7,$Q7,J7)*$AE$1/$R7 -> 4.5186561 | AA7: =-PMT($P7,$Q7,K7)*$AE$1/$R7 -> 4.5186561 | ... AC7: =-PMT($P7,$Q7,M7)*$AE$1/$R7 -> 4.5186561 | AD7: 1975$/GJ | AE7: =A7&B7&C7 -> resid heatingrefined liquidsfuel furnace
A8: resid heating | B8: refined liquids | C8: fuel furnace hi-eff | D8: 4350 | E8: 4350 | F8: 4350 | G8: 4350 | H8: 4350 | I8: 4350 | J8: 4350 | K8: 4350 | L8: 4350 | M8: 4350 | N8: 2017$/unit | P8: 0.15 | Q8: 18.4 | R8: 42 | S8: GJ/unit/yr | T8: =-PMT($P8,$Q8,D8)*$AE$1/$R8 -> 4.6523442 | U8: =-PMT($P8,$Q8,E8)*$AE$1/$R8 -> 4.6523442 | V8: =-PMT($P8,$Q8,F8)*$AE$1/$R8 -> 4.6523442 | W8: =-PMT($P8,$Q8,G8)*$AE$1/$R8 -> 4.6523442 | X8: =-PMT($P8,$Q8,H8)*$AE$1/$R8 -> 4.6523442 | Y8: =-PMT($P8,$Q8,I8)*$AE$1/$R8 -> 4.6523442 | Z8: =-PMT($P8,$Q8,J8)*$AE$1/$R8 -> 4.6523442 | AA8: =-PMT($P8,$Q8,K8)*$AE$1/$R8 -> 4.6523442 | ... AC8: =-PMT($P8,$Q8,M8)*$AE$1/$R8 -> 4.6523442 | AD8: 1975$/GJ | AE8: =A8&B8&C8 -> resid heatingrefined liquidsfuel furnace hi-eff
A9: resid cooling | B9: electricity | C9: air conditioning | D9: 3680.2768 | E9: 3680.2768 | F9: 3680.2768 | G9: 3942.2146 | H9: 3942.2146 | I9: 3942.2146 | J9: 3942.2146 | K9: 3942.2146 | L9: 3942.2146 | M9: 3942.2146 | N9: 2017$/unit | P9: 0.15 | Q9: 18.4 | R9: 19 | S9: GJ/unit/yr | T9: =-PMT($P9,$Q9,D9)*$AE$1/$R9 -> 8.7007914 | U9: =-PMT($P9,$Q9,E9)*$AE$1/$R9 -> 8.7007914 | V9: =-PMT($P9,$Q9,F9)*$AE$1/$R9 -> 8.7007914 | W9: =-PMT($P9,$Q9,G9)*$AE$1/$R9 -> 9.3200562 | X9: =-PMT($P9,$Q9,H9)*$AE$1/$R9 -> 9.3200562 | Y9: =-PMT($P9,$Q9,I9)*$AE$1/$R9 -> 9.3200562 | Z9: =-PMT($P9,$Q9,J9)*$AE$1/$R9 -> 9.3200562 | AA9: =-PMT($P9,$Q9,K9)*$AE$1/$R9 -> 9.3200562 | ... AC9: =-PMT($P9,$Q9,M9)*$AE$1/$R9 -> 9.3200562 | AD9: 1975$/GJ | AE9: =A9&B9&C9 -> resid coolingelectricityair conditioning
A10: resid cooling | B10: electricity | C10: air conditioning hi-eff | D10: 6100 | E10: 6100 | F10: 6100 | G10: 6361.9378 | H10: 6361.9378 | I10: 6361.9378 | J10: 6361.9378 | K10: 6361.9378 | L10: 6361.9378 | M10: 6361.9378 | N10: 2017$/unit | P10: 0.15 | Q10: 18.4 | R10: 19 | S10: GJ/unit/yr | T10: =-PMT($P10,$Q10,D10)*$AE$1/$R10 -> 14.421423 | U10: =-PMT($P10,$Q10,E10)*$AE$1/$R10 -> 14.421423 | V10: =-PMT($P10,$Q10,F10)*$AE$1/$R10 -> 14.421423 | W10: =-PMT($P10,$Q10,G10)*$AE$1/$R10 -> 15.040687 | X10: =-PMT($P10,$Q10,H10)*$AE$1/$R10 -> 15.040687 | Y10: =-PMT($P10,$Q10,I10)*$AE$1/$R10 -> 15.040687 | Z10: =-PMT($P10,$Q10,J10)*$AE$1/$R10 -> 15.040687 | AA10: =-PMT($P10,$Q10,K10)*$AE$1/$R10 -> 15.040687 | ... AC10: =-PMT($P10,$Q10,M10)*$AE$1/$R10 -> 15.040687 | AD10: 1975$/GJ | AE10: =A10&B10&C10 -> resid coolingelectricityair conditioning hi-eff
A11: resid hot water | B11: gas | C11: gas water heater | D11: 1925 | E11: 1925 | F11: 1925 | G11: 1925 | H11: 1925 | I11: 1925 | J11: 1925 | K11: 1925 | L11: 1925 | M11: 1925 | N11: 2017$/unit | P11: 0.25 | Q11: 9 | R11: 9 | S11: GJ/unit/yr | T11: =-PMT($P11,$Q11,D11)*$AE$1/$R11 -> 17.081995 | U11: =-PMT($P11,$Q11,E11)*$AE$1/$R11 -> 17.081995 | V11: =-PMT($P11,$Q11,F11)*$AE$1/$R11 -> 17.081995 | W11: =-PMT($P11,$Q11,G11)*$AE$1/$R11 -> 17.081995 | X11: =-PMT($P11,$Q11,H11)*$AE$1/$R11 -> 17.081995 | Y11: =-PMT($P11,$Q11,I11)*$AE$1/$R11 -> 17.081995 | Z11: =-PMT($P11,$Q11,J11)*$AE$1/$R11 -> 17.081995 | AA11: =-PMT($P11,$Q11,K11)*$AE$1/$R11 -> 17.081995 | ... AC11: =-PMT($P11,$Q11,M11)*$AE$1/$R11 -> 17.081995 | AD11: 1975$/GJ | AE11: =A11&B11&C11 -> resid hot watergasgas water heater
A12: resid hot water | B12: gas | C12: gas water heater hi-eff | D12: 2025 | E12: 2025 | F12: 2025 | G12: 2025 | H12: 2025 | I12: 2025 | J12: 2025 | K12: 2025 | L12: 2025 | M12: 2025 | N12: 2017$/unit | P12: 0.25 | Q12: 9 | R12: 9 | S12: GJ/unit/yr | T12: =-PMT($P12,$Q12,D12)*$AE$1/$R12 -> 17.969371 | U12: =-PMT($P12,$Q12,E12)*$AE$1/$R12 -> 17.969371 | V12: =-PMT($P12,$Q12,F12)*$AE$1/$R12 -> 17.969371 | W12: =-PMT($P12,$Q12,G12)*$AE$1/$R12 -> 17.969371 | X12: =-PMT($P12,$Q12,H12)*$AE$1/$R12 -> 17.969371 | Y12: =-PMT($P12,$Q12,I12)*$AE$1/$R12 -> 17.969371 | Z12: =-PMT($P12,$Q12,J12)*$AE$1/$R12 -> 17.969371 | AA12: =-PMT($P12,$Q12,K12)*$AE$1/$R12 -> 17.969371 | ... AC12: =-PMT($P12,$Q12,M12)*$AE$1/$R12 -> 17.969371 | AD12: 1975$/GJ | AE12: =A12&B12&C12 -> resid hot watergasgas water heater hi-eff
A13: resid hot water | B13: electricity | C13: electric heat pump water heater | D13: 2075 | E13: 2075 | F13: 2075 | G13: 2075 | H13: 2075 | I13: 2075 | J13: 2075 | K13: 2075 | L13: 2075 | M13: 2075 | N13: 2017$/unit | P13: 0.25 | Q13: 14 | R13: 9 | S13: GJ/unit/yr | T13: =-PMT($P13,$Q13,D13)*$AE$1/$R13 -> 16.675078 | U13: =-PMT($P13,$Q13,E13)*$AE$1/$R13 -> 16.675078 | V13: =-PMT($P13,$Q13,F13)*$AE$1/$R13 -> 16.675078 | W13: =-PMT($P13,$Q13,G13)*$AE$1/$R13 -> 16.675078 | X13: =-PMT($P13,$Q13,H13)*$AE$1/$R13 -> 16.675078 | Y13: =-PMT($P13,$Q13,I13)*$AE$1/$R13 -> 16.675078 | Z13: =-PMT($P13,$Q13,J13)*$AE$1/$R13 -> 16.675078 | AA13: =-PMT($P13,$Q13,K13)*$AE$1/$R13 -> 16.675078 | ... AC13: =-PMT($P13,$Q13,M13)*$AE$1/$R13 -> 16.675078 | AD13: 1975$/GJ | AE13: =A13&B13&C13 -> resid hot waterelectricityelectric heat pump water heater
A14: resid hot water | B14: electricity | C14: electric resistance water heater | D14: 850 | E14: 850 | F14: 850 | G14: 850 | H14: 850 | I14: 850 | J14: 850 | K14: 850 | L14: 850 | M14: 850 | N14: 2017$/unit | P14: 0.25 | Q14: 14 | R14: 9 | S14: GJ/unit/yr | T14: =-PMT($P14,$Q14,D14)*$AE$1/$R14 -> 6.8307549 | U14: =-PMT($P14,$Q14,E14)*$AE$1/$R14 -> 6.8307549 | V14: =-PMT($P14,$Q14,F14)*$AE$1/$R14 -> 6.8307549 | W14: =-PMT($P14,$Q14,G14)*$AE$1/$R14 -> 6.8307549 | X14: =-PMT($P14,$Q14,H14)*$AE$1/$R14 -> 6.8307549 | Y14: =-PMT($P14,$Q14,I14)*$AE$1/$R14 -> 6.8307549 | Z14: =-PMT($P14,$Q14,J14)*$AE$1/$R14 -> 6.8307549 | AA14: =-PMT($P14,$Q14,K14)*$AE$1/$R14 -> 6.8307549 | ... AC14: =-PMT($P14,$Q14,M14)*$AE$1/$R14 -> 6.8307549 | AD14: 1975$/GJ | AE14: =A14&B14&C14 -> resid hot waterelectricityelectric resistance water heater
... A17: resid hot water | B17: refined liquids | C17: fuel water heater hi-eff | D17: 1925 | E17: 1925 | F17: 1925 | G17: 1925 | H17: 1925 | I17: 1925 | J17: 1925 | K17: 1925 | L17: 1925 | M17: 1925 | N17: 2017$/unit | P17: 0.25 | Q17: 9 | R17: 9 | S17: GJ/unit/yr | T17: =-PMT($P17,$Q17,D17)*$AE$1/$R17 -> 17.081995 | U17: =-PMT($P17,$Q17,E17)*$AE$1/$R17 -> 17.081995 | V17: =-PMT($P17,$Q17,F17)*$AE$1/$R17 -> 17.081995 | W17: =-PMT($P17,$Q17,G17)*$AE$1/$R17 -> 17.081995 | X17: =-PMT($P17,$Q17,H17)*$AE$1/$R17 -> 17.081995 | Y17: =-PMT($P17,$Q17,I17)*$AE$1/$R17 -> 17.081995 | Z17: =-PMT($P17,$Q17,J17)*$AE$1/$R17 -> 17.081995 | AA17: =-PMT($P17,$Q17,K17)*$AE$1/$R17 -> 17.081995 | ... AC17: =-PMT($P17,$Q17,M17)*$AE$1/$R17 -> 17.081995 | AD17: 1975$/GJ | AE17: =A17&B17&C17 -> resid hot waterrefined liquidsfuel water heater hi-eff
A18: resid refrigerators | B18: electricity | C18: refrigerator | D18: 1096.6667 | E18: 1096.6667 | F18: 1096.6667 | G18: 1096.6667 | H18: 1096.6667 | I18: 1096.6667 | J18: 1096.6667 | K18: 1096.6667 | L18: 1096.6667 | M18: 1096.6667 | N18: 2017$/unit | P18: 0.15 | Q18: 19 | R18: =res_eff!D18*res_eff!P18*0.0036 -> 3.696 | S18: GJ/unit/yr | T18: =-PMT($P18,$Q18,D18)*$AE$1/$R18 -> 13.240182 | U18: =-PMT($P18,$Q18,E18)*$AE$1/$R18 -> 13.240182 | V18: =-PMT($P18,$Q18,F18)*$AE$1/$R18 -> 13.240182 | W18: =-PMT($P18,$Q18,G18)*$AE$1/$R18 -> 13.240182 | X18: =-PMT($P18,$Q18,H18)*$AE$1/$R18 -> 13.240182 | Y18: =-PMT($P18,$Q18,I18)*$AE$1/$R18 -> 13.240182 | Z18: =-PMT($P18,$Q18,J18)*$AE$1/$R18 -> 13.240182 | AA18: =-PMT($P18,$Q18,K18)*$AE$1/$R18 -> 13.240182 | ... AC18: =-PMT($P18,$Q18,M18)*$AE$1/$R18 -> 13.240182 | AD18: 1975$/GJ | AE18: =A18&B18&C18 -> resid refrigeratorselectricityrefrigerator
A19: resid refrigerators | B19: electricity | C19: refrigerator hi-eff | D19: 1186.67 | E19: 1186.67 | F19: 1186.67 | G19: 1186.67 | H19: 1186.67 | I19: 1186.67 | J19: 1186.67 | K19: 1186.67 | L19: 1186.67 | M19: 1186.67 | N19: 2017$/unit | P19: 0.15 | Q19: 19 | R19: =R18 -> 3.696 | S19: GJ/unit/yr | T19: =-PMT($P19,$Q19,D19)*$AE$1/$R19 -> 14.326803 | U19: =-PMT($P19,$Q19,E19)*$AE$1/$R19 -> 14.326803 | V19: =-PMT($P19,$Q19,F19)*$AE$1/$R19 -> 14.326803 | W19: =-PMT($P19,$Q19,G19)*$AE$1/$R19 -> 14.326803 | X19: =-PMT($P19,$Q19,H19)*$AE$1/$R19 -> 14.326803 | Y19: =-PMT($P19,$Q19,I19)*$AE$1/$R19 -> 14.326803 | Z19: =-PMT($P19,$Q19,J19)*$AE$1/$R19 -> 14.326803 | AA19: =-PMT($P19,$Q19,K19)*$AE$1/$R19 -> 14.326803 | ... AC19: =-PMT($P19,$Q19,M19)*$AE$1/$R19 -> 14.326803 | AD19: 1975$/GJ | AE19: =A19&B19&C19 -> resid refrigeratorselectricityrefrigerator hi-eff
A20: resid cooking | B20: gas | C20: gas oven | D20: 370 | E20: 370 | F20: 370 | G20: 370 | H20: 370 | I20: 370 | J20: 370 | K20: 370 | L20: 370 | M20: 370 | N20: 2017$/unit | P20: 0.15 | Q20: 19 | R20: =$R$22 -> 0.79765211 | S20: GJ/unit/yr | T20: =-PMT($P20,$Q20,D20)*$AE$1/$R20 -> 20.698529 | U20: =-PMT($P20,$Q20,E20)*$AE$1/$R20 -> 20.698529 | V20: =-PMT($P20,$Q20,F20)*$AE$1/$R20 -> 20.698529 | W20: =-PMT($P20,$Q20,G20)*$AE$1/$R20 -> 20.698529 | X20: =-PMT($P20,$Q20,H20)*$AE$1/$R20 -> 20.698529 | Y20: =-PMT($P20,$Q20,I20)*$AE$1/$R20 -> 20.698529 | Z20: =-PMT($P20,$Q20,J20)*$AE$1/$R20 -> 20.698529 | AA20: =-PMT($P20,$Q20,K20)*$AE$1/$R20 -> 20.698529 | ... AC20: =-PMT($P20,$Q20,M20)*$AE$1/$R20 -> 20.698529 | AD20: 1975$/GJ | AE20: =A20&B20&C20 -> resid cookinggasgas oven
A21: resid cooking | B21: gas | C21: gas oven hi-eff | D21: 370 | E21: 370 | F21: 370 | G21: 370 | H21: 370 | I21: 370 | J21: 370 | K21: 370 | L21: 370 | M21: 370 | N21: 2017$/unit | P21: 0.15 | Q21: 19 | R21: =$R$22 -> 0.79765211 | S21: GJ/unit/yr | T21: =-PMT($P21,$Q21,D21)*$AE$1/$R21 -> 20.698529 | U21: =-PMT($P21,$Q21,E21)*$AE$1/$R21 -> 20.698529 | V21: =-PMT($P21,$Q21,F21)*$AE$1/$R21 -> 20.698529 | W21: =-PMT($P21,$Q21,G21)*$AE$1/$R21 -> 20.698529 | X21: =-PMT($P21,$Q21,H21)*$AE$1/$R21 -> 20.698529 | Y21: =-PMT($P21,$Q21,I21)*$AE$1/$R21 -> 20.698529 | Z21: =-PMT($P21,$Q21,J21)*$AE$1/$R21 -> 20.698529 | AA21: =-PMT($P21,$Q21,K21)*$AE$1/$R21 -> 20.698529 | ... AC21: =-PMT($P21,$Q21,M21)*$AE$1/$R21 -> 20.698529 | AD21: 1975$/GJ | AE21: =A21&B21&C21 -> resid cookinggasgas oven hi-eff
A22: resid cooking | B22: electricity | C22: electric oven | D22: 770 | E22: 770 | F22: 770 | G22: 770 | H22: 770 | I22: 770 | J22: 770 | K22: 770 | L22: 770 | M22: 770 | N22: 2017$/unit | P22: 0.15 | Q22: 19 | R22: =res_eff!D22*res_eff!P22*0.0036 -> 0.79765211 | S22: GJ/unit/yr | T22: =-PMT($P22,$Q22,D22)*$AE$1/$R22 -> 43.075317 | U22: =-PMT($P22,$Q22,E22)*$AE$1/$R22 -> 43.075317 | V22: =-PMT($P22,$Q22,F22)*$AE$1/$R22 -> 43.075317 | W22: =-PMT($P22,$Q22,G22)*$AE$1/$R22 -> 43.075317 | X22: =-PMT($P22,$Q22,H22)*$AE$1/$R22 -> 43.075317 | Y22: =-PMT($P22,$Q22,I22)*$AE$1/$R22 -> 43.075317 | Z22: =-PMT($P22,$Q22,J22)*$AE$1/$R22 -> 43.075317 | AA22: =-PMT($P22,$Q22,K22)*$AE$1/$R22 -> 43.075317 | ... AC22: =-PMT($P22,$Q22,M22)*$AE$1/$R22 -> 43.075317 | AD22: 1975$/GJ | AE22: =A22&B22&C22 -> resid cookingelectricityelectric oven
A23: resid clothes dryers | B23: gas | C23: clothes dryer | D23: 660 | E23: 660 | F23: 660 | G23: 660 | H23: 660 | I23: 660 | J23: 660 | K23: 660 | L23: 660 | M23: 660 | N23: 2017$/unit | P23: 0.15 | Q23: 10 | R23: =res_eff!D25*res_eff!P25*0.454 -> 1018.776 | S23: kg/unit/yr | T23: =-PMT($P23,$Q23,D23)*$AE$1/$R23 -> 0.035701552 | U23: =-PMT($P23,$Q23,E23)*$AE$1/$R23 -> 0.035701552 | V23: =-PMT($P23,$Q23,F23)*$AE$1/$R23 -> 0.035701552 | W23: =-PMT($P23,$Q23,G23)*$AE$1/$R23 -> 0.035701552 | X23: =-PMT($P23,$Q23,H23)*$AE$1/$R23 -> 0.035701552 | Y23: =-PMT($P23,$Q23,I23)*$AE$1/$R23 -> 0.035701552 | Z23: =-PMT($P23,$Q23,J23)*$AE$1/$R23 -> 0.035701552 | AA23: =-PMT($P23,$Q23,K23)*$AE$1/$R23 -> 0.035701552 | ... AC23: =-PMT($P23,$Q23,M23)*$AE$1/$R23 -> 0.035701552 | AD23: 1975$/kg | AE23: =A23&B23&C23 -> resid clothes dryersgasclothes dryer
A24: resid clothes dryers | B24: gas | C24: clothes dryer | D24: 660 | E24: 660 | F24: 660 | G24: 660 | H24: 660 | I24: 660 | J24: 660 | K24: 660 | L24: 660 | M24: 660 | N24: 2017$/unit | P24: 0.15 | Q24: 10 | R24: =$R$23 -> 1018.776 | S24: kg/unit/yr | T24: =-PMT($P24,$Q24,D24)*$AE$1/$R24 -> 0.035701552 | U24: =-PMT($P24,$Q24,E24)*$AE$1/$R24 -> 0.035701552 | V24: =-PMT($P24,$Q24,F24)*$AE$1/$R24 -> 0.035701552 | W24: =-PMT($P24,$Q24,G24)*$AE$1/$R24 -> 0.035701552 | X24: =-PMT($P24,$Q24,H24)*$AE$1/$R24 -> 0.035701552 | Y24: =-PMT($P24,$Q24,I24)*$AE$1/$R24 -> 0.035701552 | Z24: =-PMT($P24,$Q24,J24)*$AE$1/$R24 -> 0.035701552 | AA24: =-PMT($P24,$Q24,K24)*$AE$1/$R24 -> 0.035701552 | ... AC24: =-PMT($P24,$Q24,M24)*$AE$1/$R24 -> 0.035701552 | AD24: 1975$/kg | AE24: =A24&B24&C24 -> resid clothes dryersgasclothes dryer
A25: resid clothes dryers | B25: electricity | C25: clothes dryer | D25: 540 | E25: 540 | F25: 540 | G25: 540 | H25: 540 | I25: 540 | J25: 540 | K25: 540 | L25: 540 | M25: 540 | N25: 2017$/unit | P25: 0.15 | Q25: 10 | R25: =$R$23 -> 1018.776 | S25: kg/unit/yr | T25: =-PMT($P25,$Q25,D25)*$AE$1/$R25 -> 0.029210361 | U25: =-PMT($P25,$Q25,E25)*$AE$1/$R25 -> 0.029210361 | V25: =-PMT($P25,$Q25,F25)*$AE$1/$R25 -> 0.029210361 | W25: =-PMT($P25,$Q25,G25)*$AE$1/$R25 -> 0.029210361 | X25: =-PMT($P25,$Q25,H25)*$AE$1/$R25 -> 0.029210361 | Y25: =-PMT($P25,$Q25,I25)*$AE$1/$R25 -> 0.029210361 | Z25: =-PMT($P25,$Q25,J25)*$AE$1/$R25 -> 0.029210361 | AA25: =-PMT($P25,$Q25,K25)*$AE$1/$R25 -> 0.029210361 | ... AC25: =-PMT($P25,$Q25,M25)*$AE$1/$R25 -> 0.029210361 | AD25: 1975$/kg | AE25: =A25&B25&C25 -> resid clothes dryerselectricityclothes dryer
A26: resid clothes dryers | B26: electricity | C26: clothes dryer hi-eff | D26: 655 | E26: 655 | F26: 655 | G26: 655 | H26: 655 | I26: 655 | J26: 655 | K26: 655 | L26: 655 | M26: 655 | N26: 2017$/unit | P26: 0.15 | Q26: 10 | R26: =$R$23 -> 1018.776 | S26: kg/unit/yr | T26: =-PMT($P26,$Q26,D26)*$AE$1/$R26 -> 0.035431086 | U26: =-PMT($P26,$Q26,E26)*$AE$1/$R26 -> 0.035431086 | V26: =-PMT($P26,$Q26,F26)*$AE$1/$R26 -> 0.035431086 | W26: =-PMT($P26,$Q26,G26)*$AE$1/$R26 -> 0.035431086 | X26: =-PMT($P26,$Q26,H26)*$AE$1/$R26 -> 0.035431086 | Y26: =-PMT($P26,$Q26,I26)*$AE$1/$R26 -> 0.035431086 | Z26: =-PMT($P26,$Q26,J26)*$AE$1/$R26 -> 0.035431086 | AA26: =-PMT($P26,$Q26,K26)*$AE$1/$R26 -> 0.035431086 | ... AC26: =-PMT($P26,$Q26,M26)*$AE$1/$R26 -> 0.035431086 | AD26: 1975$/kg | AE26: =A26&B26&C26 -> resid clothes dryerselectricityclothes dryer hi-eff
A27: resid freezers | B27: electricity | C27: freezer | D27: 625 | E27: 625 | F27: 625 | G27: 625 | H27: 625 | I27: 625 | J27: 625 | K27: 625 | L27: 625 | M27: 625 | N27: 2017$/unit | P27: 0.15 | Q27: 10 | R27: =res_eff!D27*res_eff!P27*0.0036 -> 1.3374 | S27: GJ/unit/yr | T27: =-PMT($P27,$Q27,D27)*$AE$1/$R27 -> 25.753756 | U27: =-PMT($P27,$Q27,E27)*$AE$1/$R27 -> 25.753756 | V27: =-PMT($P27,$Q27,F27)*$AE$1/$R27 -> 25.753756 | W27: =-PMT($P27,$Q27,G27)*$AE$1/$R27 -> 25.753756 | X27: =-PMT($P27,$Q27,H27)*$AE$1/$R27 -> 25.753756 | Y27: =-PMT($P27,$Q27,I27)*$AE$1/$R27 -> 25.753756 | Z27: =-PMT($P27,$Q27,J27)*$AE$1/$R27 -> 25.753756 | AA27: =-PMT($P27,$Q27,K27)*$AE$1/$R27 -> 25.753756 | ... AC27: =-PMT($P27,$Q27,M27)*$AE$1/$R27 -> 25.753756 | AD27: 1975$/GJ | AE27: =A27&B27&C27 -> resid freezerselectricityfreezer
A28: resid freezers | B28: electricity | C28: freezer hi-eff | D28: 625 | E28: 625 | F28: 625 | G28: 625 | H28: 625 | I28: 625 | J28: 625 | K28: 625 | L28: 625 | M28: 625 | N28: 2017$/unit | P28: 0.15 | Q28: 10 | R28: =R27 -> 1.3374 | S28: GJ/unit/yr | T28: =-PMT($P28,$Q28,D28)*$AE$1/$R28 -> 25.753756 | U28: =-PMT($P28,$Q28,E28)*$AE$1/$R28 -> 25.753756 | V28: =-PMT($P28,$Q28,F28)*$AE$1/$R28 -> 25.753756 | W28: =-PMT($P28,$Q28,G28)*$AE$1/$R28 -> 25.753756 | X28: =-PMT($P28,$Q28,H28)*$AE$1/$R28 -> 25.753756 | Y28: =-PMT($P28,$Q28,I28)*$AE$1/$R28 -> 25.753756 | Z28: =-PMT($P28,$Q28,J28)*$AE$1/$R28 -> 25.753756 | AA28: =-PMT($P28,$Q28,K28)*$AE$1/$R28 -> 25.753756 | ... AC28: =-PMT($P28,$Q28,M28)*$AE$1/$R28 -> 25.753756 | AD28: 1975$/GJ | AE28: =A28&B28&C28 -> resid freezerselectricityfreezer hi-eff
A29: resid lighting | B29: electricity | C29: incandescent | D29: 1.99 | E29: 1.99 | F29: 1.99 | G29: 1.99 | H29: 1.99 | I29: 1.99 | J29: 1.99 | K29: 1.99 | L29: 1.99 | M29: 1.99 | N29: 2017$/unit | P29: 0.15 | Q29: =[1]rsmlgt_AT15!$G$38/8760/0.1 -> 1.1415525 | R29: =[1]rsmlgt_AT15!$F$36*res_eff!D29*8760*0.1/1000000 -> 0.8688168 | S29: mil lumen-hours/unit/yr | T29: =-PMT($P29,$Q29,D29)*$AE$1/$R29 -> 0.64436911 | U29: =-PMT($P29,$Q29,E29)*$AE$1/$R29 -> 0.64436911 | V29: =-PMT($P29,$Q29,F29)*$AE$1/$R29 -> 0.64436911 | W29: =-PMT($P29,$Q29,G29)*$AE$1/$R29 -> 0.64436911 | X29: =-PMT($P29,$Q29,H29)*$AE$1/$R29 -> 0.64436911 | Y29: =-PMT($P29,$Q29,I29)*$AE$1/$R29 -> 0.64436911 | Z29: =-PMT($P29,$Q29,J29)*$AE$1/$R29 -> 0.64436911 | AA29: =-PMT($P29,$Q29,K29)*$AE$1/$R29 -> 0.64436911 | ... AC29: =-PMT($P29,$Q29,M29)*$AE$1/$R29 -> 0.64436911 | AD29: 1975$/mil lumen-hr | AE29: =A29&B29&C29 -> resid lightingelectricityincandescent
A30: resid lighting | B30: electricity | C30: fluorescent | D30: 1.98 | E30: 1.98 | F30: 1.98 | G30: 1.98 | H30: 1.89 | I30: 1.89 | J30: 1.79 | K30: 1.79 | L30: 1.79 | M30: 1.79 | N30: 2017$/unit | P30: 0.15 | Q30: =[1]rsmlgt_AT15!$G$41/8760/0.1 -> 11.415525 | R30: =$R$29 -> 0.8688168 | S30: mil lumen-hours/unit/yr | T30: =-PMT($P30,$Q30,D30)*$AE$1/$R30 -> 0.1186011 | U30: =-PMT($P30,$Q30,E30)*$AE$1/$R30 -> 0.1186011 | V30: =-PMT($P30,$Q30,F30)*$AE$1/$R30 -> 0.1186011 | W30: =-PMT($P30,$Q30,G30)*$AE$1/$R30 -> 0.1186011 | X30: =-PMT($P30,$Q30,H30)*$AE$1/$R30 -> 0.11321014 | Y30: =-PMT($P30,$Q30,I30)*$AE$1/$R30 -> 0.11321014 | Z30: =-PMT($P30,$Q30,J30)*$AE$1/$R30 -> 0.10722019 | AA30: =-PMT($P30,$Q30,K30)*$AE$1/$R30 -> 0.10722019 | ... AC30: =-PMT($P30,$Q30,M30)*$AE$1/$R30 -> 0.10722019 | AD30: 1975$/mil lumen-hr | AE30: =A30&B30&C30 -> resid lightingelectricityfluorescent
A31: resid lighting | B31: electricity | C31: solid state | D31: 1.24 | E31: 1.24 | F31: 1.24 | G31: 0.94 | H31: 0.63 | I31: 0.63 | J31: 0.42 | K31: 0.42 | L31: 0.42 | M31: 0.42 | N31: 2017$/unit | P31: 0.15 | Q31: =[1]rsmlgt_AT15!$G$50/8760/0.1 -> 38.835616 | R31: =$R$29 -> 0.8688168 | S31: mil lumen-hours/unit/yr | T31: =-PMT($P31,$Q31,D31)*$AE$1/$R31 -> 0.059472452 | U31: =-PMT($P31,$Q31,E31)*$AE$1/$R31 -> 0.059472452 | V31: =-PMT($P31,$Q31,F31)*$AE$1/$R31 -> 0.059472452 | W31: =-PMT($P31,$Q31,G31)*$AE$1/$R31 -> 0.045083955 | X31: =-PMT($P31,$Q31,H31)*$AE$1/$R31 -> 0.030215842 | Y31: =-PMT($P31,$Q31,I31)*$AE$1/$R31 -> 0.030215842 | Z31: =-PMT($P31,$Q31,J31)*$AE$1/$R31 -> 0.020143895 | AA31: =-PMT($P31,$Q31,K31)*$AE$1/$R31 -> 0.020143895 | ... AC31: =-PMT($P31,$Q31,M31)*$AE$1/$R31 -> 0.020143895 | AD31: 1975$/mil lumen-hr | AE31: =A31&B31&C31 -> resid lightingelectricitysolid state
A32: resid clothes washers | B32: electricity | C32: clothes washer | D32: 875 | E32: 875 | F32: 875 | G32: 875 | H32: 900 | I32: 900 | J32: 900 | K32: 900 | L32: 900 | M32: 900 | N32: 2017$/unit | P32: 0.15 | Q32: 10 | R32: 392 | S32: cycles/unit/yr | T32: =-PMT($P32,$Q32,D32)*$AE$1/$R32 -> 0.12301097 | U32: =-PMT($P32,$Q32,E32)*$AE$1/$R32 -> 0.12301097 | V32: =-PMT($P32,$Q32,F32)*$AE$1/$R32 -> 0.12301097 | W32: =-PMT($P32,$Q32,G32)*$AE$1/$R32 -> 0.12301097 | X32: =-PMT($P32,$Q32,H32)*$AE$1/$R32 -> 0.12652557 | Y32: =-PMT($P32,$Q32,I32)*$AE$1/$R32 -> 0.12652557 | Z32: =-PMT($P32,$Q32,J32)*$AE$1/$R32 -> 0.12652557 | AA32: =-PMT($P32,$Q32,K32)*$AE$1/$R32 -> 0.12652557 | ... AC32: =-PMT($P32,$Q32,M32)*$AE$1/$R32 -> 0.12652557 | AD32: 1975$/cycle | AE32: =A32&B32&C32 -> resid clothes washerselectricityclothes washer
A33: resid clothes washers | B33: electricity | C33: clothes washer hi-eff | D33: 875 | E33: 875 | F33: 875 | G33: 875 | H33: 900 | I33: 900 | J33: 900 | K33: 900 | L33: 900 | M33: 900 | N33: 2017$/unit | P33: 0.15 | Q33: 10 | R33: 392 | S33: cycles/unit/yr | T33: =-PMT($P33,$Q33,D33)*$AE$1/$R33 -> 0.12301097 | U33: =-PMT($P33,$Q33,E33)*$AE$1/$R33 -> 0.12301097 | V33: =-PMT($P33,$Q33,F33)*$AE$1/$R33 -> 0.12301097 | W33: =-PMT($P33,$Q33,G33)*$AE$1/$R33 -> 0.12301097 | X33: =-PMT($P33,$Q33,H33)*$AE$1/$R33 -> 0.12652557 | Y33: =-PMT($P33,$Q33,I33)*$AE$1/$R33 -> 0.12652557 | Z33: =-PMT($P33,$Q33,J33)*$AE$1/$R33 -> 0.12652557 | AA33: =-PMT($P33,$Q33,K33)*$AE$1/$R33 -> 0.12652557 | ... AC33: =-PMT($P33,$Q33,M33)*$AE$1/$R33 -> 0.12652557 | AD33: 1975$/cycle | AE33: =A33&B33&C33 -> resid clothes washerselectricityclothes washer hi-eff
A34: resid dishwashers | B34: electricity | C34: dishwasher | D34: 485 | E34: 485 | F34: 485 | G34: 485 | H34: 485 | I34: 485 | J34: 485 | K34: 485 | L34: 485 | M34: 485 | N34: 2017$/unit | P34: 0.15 | Q34: 12.6 | R34: 215 | S34: cycles/unit/yr | T34: =-PMT($P34,$Q34,D34)*$AE$1/$R34 -> 0.11300991 | U34: =-PMT($P34,$Q34,E34)*$AE$1/$R34 -> 0.11300991 | V34: =-PMT($P34,$Q34,F34)*$AE$1/$R34 -> 0.11300991 | W34: =-PMT($P34,$Q34,G34)*$AE$1/$R34 -> 0.11300991 | X34: =-PMT($P34,$Q34,H34)*$AE$1/$R34 -> 0.11300991 | Y34: =-PMT($P34,$Q34,I34)*$AE$1/$R34 -> 0.11300991 | Z34: =-PMT($P34,$Q34,J34)*$AE$1/$R34 -> 0.11300991 | AA34: =-PMT($P34,$Q34,K34)*$AE$1/$R34 -> 0.11300991 | ... AC34: =-PMT($P34,$Q34,M34)*$AE$1/$R34 -> 0.11300991 | AD34: 1975$/cycle | AE34: =A34&B34&C34 -> resid dishwasherselectricitydishwasher
A35: resid dishwashers | B35: electricity | C35: dishwasher hi-eff | D35: 485 | E35: 485 | F35: 485 | G35: 485 | H35: 485 | I35: 485 | J35: 485 | K35: 485 | L35: 485 | M35: 485 | N35: 2017$/unit | P35: 0.15 | Q35: 12.6 | R35: 215 | S35: cycles/unit/yr | T35: =-PMT($P35,$Q35,D35)*$AE$1/$R35 -> 0.11300991 | U35: =-PMT($P35,$Q35,E35)*$AE$1/$R35 -> 0.11300991 | V35: =-PMT($P35,$Q35,F35)*$AE$1/$R35 -> 0.11300991 | W35: =-PMT($P35,$Q35,G35)*$AE$1/$R35 -> 0.11300991 | X35: =-PMT($P35,$Q35,H35)*$AE$1/$R35 -> 0.11300991 | Y35: =-PMT($P35,$Q35,I35)*$AE$1/$R35 -> 0.11300991 | Z35: =-PMT($P35,$Q35,J35)*$AE$1/$R35 -> 0.11300991 | AA35: =-PMT($P35,$Q35,K35)*$AE$1/$R35 -> 0.11300991 | ... AC35: =-PMT($P35,$Q35,M35)*$AE$1/$R35 -> 0.11300991 | AD35: 1975$/cycle | AE35: =A35&B35&C35 -> resid dishwasherselectricitydishwasher hi-eff
A36: resid televisions | B36: electricity | C36: electricity
A37: resid computers | B37: electricity | C37: electricity
A38: resid furnace fans | B38: electricity | C38: electricity
A39: resid other | B39: gas | C39: gas
A40: resid other | B40: electricity | C40: electricity
A41: resid other | B41: refined liquids | C41: refined liquids

Sheet comm_cost
V1: To GCAM | AE1: 0.2765789
A2: supplysector | B2: subsector | C2: technology | D2: 2010 | E2: 2015 | F2: 2020 | G2: 2025 | H2: 2030 | I2: 2035 | J2: 2040 | K2: 2045 | L2: 2050 | M2: 2100 | N2: Unit | O2: O&M cost | Q2: Discount rate | R2: Lifetime | S2: Capacity factor | T2: Output | U2: Output unit | V2: 2010 | W2: 2015 | X2: 2020 | Y2: 2025 | Z2: 2030 | AA2: 2035 | AB2: 2040 | AC2: 2045 | AD2: 2050 | AE2: 2100
A3: comm heating | B3: gas | C3: gas furnace | D3: 7.2694035 | E3: 7.2694035 | F3: 7.2694035 | G3: 7.333982 | H3: 7.371316 | I3: 7.4001037 | J3: 7.4186433 | K3: 7.4326355 | L3: 7.4446401 | M3: 7.4446401 | N3: $/1000 btu/hr | O3: =[1]ktek_AT15_slim!$G$123 -> 1.0319252 | Q3: 0.25 | R3: =[1]ktek_AT15_slim!$J$123 -> 15 | S3: 0.11 | T3: =1000*1.0551*8760*S3/1000000 -> 1.0166944 | U3: GJ/yr | V3: =(-PMT($Q3,$R3,D3)+$O3)*$AE$1/$T3 -> 0.79313873 | W3: =(-PMT($Q3,$R3,E3)+$O3)*$AE$1/$T3 -> 0.79313873 | X3: =(-PMT($Q3,$R3,F3)+$O3)*$AE$1/$T3 -> 0.79313873 | Y3: =(-PMT($Q3,$R3,G3)+$O3)*$AE$1/$T3 -> 0.79769083 | Z3: =(-PMT($Q3,$R3,H3)+$O3)*$AE$1/$T3 -> 0.80032249 | AA3: =(-PMT($Q3,$R3,I3)+$O3)*$AE$1/$T3 -> 0.80235172 | AB3: =(-PMT($Q3,$R3,J3)+$O3)*$AE$1/$T3 -> 0.80365857 | AC3: =(-PMT($Q3,$R3,K3)+$O3)*$AE$1/$T3 -> 0.80464487 | ... AE3: =(-PMT($Q3,$R3,M3)+$O3)*$AE$1/$T3 -> 0.80549107 | AF3: =A3&B3&C3 -> comm heatinggasgas furnace
A4: comm heating | B4: gas | C4: gas furnace hi-eff | D4: 7.2694035 | E4: 7.2694035 | F4: 7.2694035 | G4: 7.333982 | H4: 7.371316 | I4: 7.4001037 | J4: 7.4186433 | K4: 7.4326355 | L4: 7.4446401 | M4: 7.4446401 | N4: $/1000 btu/hr | O4: =[1]ktek_AT15_slim!$G$124 -> 2.6563839 | Q4: 0.25 | R4: =[1]ktek_AT15_slim!$J$124 -> 15 | S4: 0.11 | T4: =1000*1.0551*8760*S4/1000000 -> 1.0166944 | U4: GJ/yr | V4: =(-PMT($Q4,$R4,D4)+$O4)*$AE$1/$T4 -> 1.2350523 | W4: =(-PMT($Q4,$R4,E4)+$O4)*$AE$1/$T4 -> 1.2350523 | X4: =(-PMT($Q4,$R4,F4)+$O4)*$AE$1/$T4 -> 1.2350523 | Y4: =(-PMT($Q4,$R4,G4)+$O4)*$AE$1/$T4 -> 1.2396044 | Z4: =(-PMT($Q4,$R4,H4)+$O4)*$AE$1/$T4 -> 1.242236 | AA4: =(-PMT($Q4,$R4,I4)+$O4)*$AE$1/$T4 -> 1.2442653 | AB4: =(-PMT($Q4,$R4,J4)+$O4)*$AE$1/$T4 -> 1.2455721 | AC4: =(-PMT($Q4,$R4,K4)+$O4)*$AE$1/$T4 -> 1.2465584 | ... AE4: =(-PMT($Q4,$R4,M4)+$O4)*$AE$1/$T4 -> 1.2474046 | AF4: =A4&B4&C4 -> comm heatinggasgas furnace hi-eff
A5: comm heating | B5: electricity | C5: electric furnace | D5: 37.35 | E5: 37.35 | F5: 37.35 | G5: 37.35 | H5: 37.35 | I5: 37.35 | J5: 37.35 | K5: 37.35 | L5: 37.35 | M5: 37.35 | N5: $/1000 btu/hr | O5: =[1]ktek_AT15_slim!$G$121 -> 0.01 | Q5: 0.25 | R5: =[1]ktek_AT15_slim!$J$121 -> 18 | S5: 0.11 | T5: =1000*1.0551*8760*S5/1000000 -> 1.0166944 | U5: GJ/yr | V5: =(-PMT($Q5,$R5,D5)+$O5)*$AE$1/$T5 -> 2.5894684 | W5: =(-PMT($Q5,$R5,E5)+$O5)*$AE$1/$T5 -> 2.5894684 | X5: =(-PMT($Q5,$R5,F5)+$O5)*$AE$1/$T5 -> 2.5894684 | Y5: =(-PMT($Q5,$R5,G5)+$O5)*$AE$1/$T5 -> 2.5894684 | Z5: =(-PMT($Q5,$R5,H5)+$O5)*$AE$1/$T5 -> 2.5894684 | AA5: =(-PMT($Q5,$R5,I5)+$O5)*$AE$1/$T5 -> 2.5894684 | AB5: =(-PMT($Q5,$R5,J5)+$O5)*$AE$1/$T5 -> 2.5894684 | AC5: =(-PMT($Q5,$R5,K5)+$O5)*$AE$1/$T5 -> 2.5894684 | ... AE5: =(-PMT($Q5,$R5,M5)+$O5)*$AE$1/$T5 -> 2.5894684 | AF5: =A5&B5&C5 -> comm heatingelectricityelectric furnace
A6: comm heating | B6: electricity | C6: electric heat pump | D6: 141.2 | E6: 141.2 | F6: 141.2 | G6: 141.2 | H6: 141.2 | I6: 141.2 | J6: 141.2 | K6: 141.2 | L6: 141.2 | M6: 141.2 | N6: $/1000 btu/hr | O6: =[1]ktek_AT15_slim!$G$97 -> 1.4722222 | Q6: 0.25 | R6: =[1]ktek_AT15_slim!$J$97 -> 15 | S6: 0.11 | T6: =1000*1.0551*8760*S6/1000000 -> 1.0166944 | U6: GJ/yr | V6: =(-PMT($Q6,$R6,D6)+$O6)*$AE$1/$T6 -> 10.353614 | W6: =(-PMT($Q6,$R6,E6)+$O6)*$AE$1/$T6 -> 10.353614 | X6: =(-PMT($Q6,$R6,F6)+$O6)*$AE$1/$T6 -> 10.353614 | Y6: =(-PMT($Q6,$R6,G6)+$O6)*$AE$1/$T6 -> 10.353614 | Z6: =(-PMT($Q6,$R6,H6)+$O6)*$AE$1/$T6 -> 10.353614 | AA6: =(-PMT($Q6,$R6,I6)+$O6)*$AE$1/$T6 -> 10.353614 | AB6: =(-PMT($Q6,$R6,J6)+$O6)*$AE$1/$T6 -> 10.353614 | AC6: =(-PMT($Q6,$R6,K6)+$O6)*$AE$1/$T6 -> 10.353614 | ... AE6: =(-PMT($Q6,$R6,M6)+$O6)*$AE$1/$T6 -> 10.353614 | AF6: =A6&B6&C6 -> comm heatingelectricityelectric heat pump
A7: comm heating | B7: refined liquids | C7: fuel furnace | D7: 20.493856 | E7: 20.493856 | F7: 20.493856 | G7: 20.509441 | H7: 20.531745 | I7: 20.565326 | J7: 20.619064 | K7: 20.716833 | L7: 20.793865 | M7: 20.793865 | N7: $/1000 btu/hr | O7: =[1]ktek_AT15_slim!$G$140 -> 0.16975309 | Q7: 0.25 | R7: =[1]ktek_AT15_slim!$J$140 -> 30 | S7: 0.11 | T7: =1000*1.0551*8760*S7/1000000 -> 1.0166944 | U7: GJ/yr | V7: =(-PMT($Q7,$R7,D7)+$O7)*$AE$1/$T7 -> 1.4416806 | W7: =(-PMT($Q7,$R7,E7)+$O7)*$AE$1/$T7 -> 1.4416806 | X7: =(-PMT($Q7,$R7,F7)+$O7)*$AE$1/$T7 -> 1.4416806 | Y7: =(-PMT($Q7,$R7,G7)+$O7)*$AE$1/$T7 -> 1.4427418 | Z7: =(-PMT($Q7,$R7,H7)+$O7)*$AE$1/$T7 -> 1.4442606 | AA7: =(-PMT($Q7,$R7,I7)+$O7)*$AE$1/$T7 -> 1.4465473 | AB7: =(-PMT($Q7,$R7,J7)+$O7)*$AE$1/$T7 -> 1.4502065 | AC7: =(-PMT($Q7,$R7,K7)+$O7)*$AE$1/$T7 -> 1.4568639 | ... AE7: =(-PMT($Q7,$R7,M7)+$O7)*$AE$1/$T7 -> 1.4621093 | AF7: =A7&B7&C7 -> comm heatingrefined liquidsfuel furnace
A8: comm cooling | B8: gas | C8: gas cooling | D8: 78.276737 | E8: 78.276737 | F8: 78.276737 | G8: 78.414103 | H8: 78.596947 | I8: 78.850841 | J8: 79.162664 | K8: 79.566789 | L8: 80.154648 | M8: 80.154648 | N8: $/1000 btu/hr | O8: =[1]ktek_AT15_slim!$G$165 -> 4.9166667 | Q8: 0.25 | R8: =[1]ktek_AT15_slim!$J$165 -> 15 | S8: 0.18 | T8: =1000*1.0551*8760*S8/1000000 -> 1.6636817 | U8: GJ/yr | V8: =(-PMT($Q8,$R8,D8)+$O8)*$AE$1/$T8 -> 4.1892912 | W8: =(-PMT($Q8,$R8,E8)+$O8)*$AE$1/$T8 -> 4.1892912 | X8: =(-PMT($Q8,$R8,F8)+$O8)*$AE$1/$T8 -> 4.1892912 | Y8: =(-PMT($Q8,$R8,G8)+$O8)*$AE$1/$T8 -> 4.1952085 | Z8: =(-PMT($Q8,$R8,H8)+$O8)*$AE$1/$T8 -> 4.2030849 | AA8: =(-PMT($Q8,$R8,I8)+$O8)*$AE$1/$T8 -> 4.2140218 | AB8: =(-PMT($Q8,$R8,J8)+$O8)*$AE$1/$T8 -> 4.2274542 | AC8: =(-PMT($Q8,$R8,K8)+$O8)*$AE$1/$T8 -> 4.2448627 | ... AE8: =(-PMT($Q8,$R8,M8)+$O8)*$AE$1/$T8 -> 4.2701858 | AF8: =A8&B8&C8 -> comm coolinggasgas cooling
A9: comm cooling | B9: electricity | C9: air conditioning | D9: 102.002 | E9: 102.002 | F9: 102.002 | G9: 106.55868 | H9: 109.83494 | I9: 112.29091 | J9: 114.12766 | K9: 115.50716 | L9: 116.5456 | M9: 116.5456 | N9: $/1000 btu/hr | O9: =[1]ktek_AT15_slim!$G$180 -> 2.6666667 | Q9: 0.25 | R9: =[1]ktek_AT15_slim!$J$180 -> 20 | S9: 0.18 | T9: =1000*1.0551*8760*S9/1000000 -> 1.6636817 | U9: GJ/yr | V9: =(-PMT($Q9,$R9,D9)+$O9)*$AE$1/$T9 -> 4.7320992 | W9: =(-PMT($Q9,$R9,E9)+$O9)*$AE$1/$T9 -> 4.7320992 | X9: =(-PMT($Q9,$R9,F9)+$O9)*$AE$1/$T9 -> 4.7320992 | Y9: =(-PMT($Q9,$R9,G9)+$O9)*$AE$1/$T9 -> 4.9236897 | Z9: =(-PMT($Q9,$R9,H9)+$O9)*$AE$1/$T9 -> 5.0614433 | AA9: =(-PMT($Q9,$R9,I9)+$O9)*$AE$1/$T9 -> 5.1647071 | AB9: =(-PMT($Q9,$R9,J9)+$O9)*$AE$1/$T9 -> 5.2419349 | AC9: =(-PMT($Q9,$R9,K9)+$O9)*$AE$1/$T9 -> 5.2999375 | ... AE9: =(-PMT($Q9,$R9,M9)+$O9)*$AE$1/$T9 -> 5.3436 | AF9: =A9&B9&C9 -> comm coolingelectricityair conditioning
A10: comm cooling | B10: electricity | C10: air conditioning hi-eff | D10: 141.2 | E10: 141.2 | F10: 141.2 | G10: 145.75668 | H10: 149.03294 | I10: 151.48891 | J10: 153.32566 | K10: 154.70516 | L10: 155.7436 | M10: 155.7436 | N10: $/1000 btu/hr | O10: =[1]ktek_AT15_slim!$G$183 -> 2.6666667 | Q10: 0.25 | R10: =[1]ktek_AT15_slim!$J$183 -> 20 | S10: 0.18 | T10: =1000*1.0551*8760*S10/1000000 -> 1.6636817 | U10: GJ/yr | V10: =(-PMT($Q10,$R10,D10)+$O10)*$AE$1/$T10 -> 6.3802195 | W10: =(-PMT($Q10,$R10,E10)+$O10)*$AE$1/$T10 -> 6.3802195 | X10: =(-PMT($Q10,$R10,F10)+$O10)*$AE$1/$T10 -> 6.3802195 | Y10: =(-PMT($Q10,$R10,G10)+$O10)*$AE$1/$T10 -> 6.5718099 | Z10: =(-PMT($Q10,$R10,H10)+$O10)*$AE$1/$T10 -> 6.7095635 | AA10: =(-PMT($Q10,$R10,I10)+$O10)*$AE$1/$T10 -> 6.8128273 | AB10: =(-PMT($Q10,$R10,J10)+$O10)*$AE$1/$T10 -> 6.8900552 | AC10: =(-PMT($Q10,$R10,K10)+$O10)*$AE$1/$T10 -> 6.9480577 | ... AE10: =(-PMT($Q10,$R10,M10)+$O10)*$AE$1/$T10 -> 6.9917202 | AF10: =A10&B10&C10 -> comm coolingelectricityair conditioning hi-eff
A11: comm hot water | B11: gas | C11: gas water heater | D11: 27.232595 | E11: 27.232595 | F11: 27.232595 | G11: 27.543641 | H11: 27.731957 | I11: 27.843314 | J11: 27.908251 | K11: 27.946647 | L11: 27.969369 | M11: 27.969369 | N11: $/1000 btu/hr | O11: =[1]ktek_AT15_slim!$G$252 -> 0.6875 | Q11: 0.25 | R11: =[1]ktek_AT15_slim!$J$252 -> 13 | S11: 0.2 | T11: =1000*1.0551*8760*S11/1000000 -> 1.8485352 | U11: GJ/yr | V11: =(-PMT($Q11,$R11,D11)+$O11)*$AE$1/$T11 -> 1.1807613 | W11: =(-PMT($Q11,$R11,E11)+$O11)*$AE$1/$T11 -> 1.1807613 | X11: =(-PMT($Q11,$R11,F11)+$O11)*$AE$1/$T11 -> 1.1807613 | Y11: =(-PMT($Q11,$R11,G11)+$O11)*$AE$1/$T11 -> 1.1930729 | Z11: =(-PMT($Q11,$R11,H11)+$O11)*$AE$1/$T11 -> 1.2005266 | AA11: =(-PMT($Q11,$R11,I11)+$O11)*$AE$1/$T11 -> 1.2049342 | AB11: =(-PMT($Q11,$R11,J11)+$O11)*$AE$1/$T11 -> 1.2075045 | AC11: =(-PMT($Q11,$R11,K11)+$O11)*$AE$1/$T11 -> 1.2090243 | ... AE11: =(-PMT($Q11,$R11,M11)+$O11)*$AE$1/$T11 -> 1.2099236 | AF11: =A11&B11&C11 -> comm hot watergasgas water heater
A12: comm hot water | B12: gas | C12: gas water heater hi-eff | D12: 30.03 | E12: 30.03 | F12: 30.03 | G12: 30.341047 | H12: 30.529362 | I12: 30.640719 | J12: 30.705656 | K12: 30.744052 | L12: 30.766774 | M12: 30.766774 | N12: $/1000 btu/hr | O12: =[1]ktek_AT15_slim!$G$253 -> 0.55555556 | Q12: 0.25 | R12: =[1]ktek_AT15_slim!$J$253 -> 13 | S12: 0.2 | T12: =1000*1.0551*8760*S12/1000000 -> 1.8485352 | U12: GJ/yr | V12: =(-PMT($Q12,$R12,D12)+$O12)*$AE$1/$T12 -> 1.2717442 | W12: =(-PMT($Q12,$R12,E12)+$O12)*$AE$1/$T12 -> 1.2717442 | X12: =(-PMT($Q12,$R12,F12)+$O12)*$AE$1/$T12 -> 1.2717442 | Y12: =(-PMT($Q12,$R12,G12)+$O12)*$AE$1/$T12 -> 1.2840558 | Z12: =(-PMT($Q12,$R12,H12)+$O12)*$AE$1/$T12 -> 1.2915095 | AA12: =(-PMT($Q12,$R12,I12)+$O12)*$AE$1/$T12 -> 1.2959171 | AB12: =(-PMT($Q12,$R12,J12)+$O12)*$AE$1/$T12 -> 1.2984874 | AC12: =(-PMT($Q12,$R12,K12)+$O12)*$AE$1/$T12 -> 1.3000072 | ... AE12: =(-PMT($Q12,$R12,M12)+$O12)*$AE$1/$T12 -> 1.3009065 | AF12: =A12&B12&C12 -> comm hot watergasgas water heater hi-eff
A13: comm hot water | B13: electricity | C13: electric heat pump water heater | D13: 298.65 | E13: 298.65 | F13: 298.65 | G13: 298.65 | H13: 298.65 | I13: 298.65 | J13: 298.65 | K13: 298.65 | L13: 298.65 | M13: 298.65 | N13: $/1000 btu/hr | O13: =[1]ktek_AT15_slim!$G$245 -> 2.2857143 | Q13: 0.25 | R13: =[1]ktek_AT15_slim!$J$245 -> 13 | S13: 0.2 | T13: =1000*1.0551*8760*S13/1000000 -> 1.8485352 | U13: GJ/yr | V13: =(-PMT($Q13,$R13,D13)+$O13)*$AE$1/$T13 -> 12.162897 | W13: =(-PMT($Q13,$R13,E13)+$O13)*$AE$1/$T13 -> 12.162897 | X13: =(-PMT($Q13,$R13,F13)+$O13)*$AE$1/$T13 -> 12.162897 | Y13: =(-PMT($Q13,$R13,G13)+$O13)*$AE$1/$T13 -> 12.162897 | Z13: =(-PMT($Q13,$R13,H13)+$O13)*$AE$1/$T13 -> 12.162897 | AA13: =(-PMT($Q13,$R13,I13)+$O13)*$AE$1/$T13 -> 12.162897 | AB13: =(-PMT($Q13,$R13,J13)+$O13)*$AE$1/$T13 -> 12.162897 | AC13: =(-PMT($Q13,$R13,K13)+$O13)*$AE$1/$T13 -> 12.162897 | ... AE13: =(-PMT($Q13,$R13,M13)+$O13)*$AE$1/$T13 -> 12.162897 | AF13: =A13&B13&C13 -> comm hot waterelectricityelectric heat pump water heater
A14: comm hot water | B14: electricity | C14: electric resistance water heater | D14: 64.73 | E14: 64.73 | F14: 64.73 | G14: 64.73 | H14: 64.73 | I14: 64.73 | J14: 64.73 | K14: 64.73 | L14: 64.73 | M14: 64.73 | N14: $/1000 btu/hr | O14: =[1]ktek_AT15_slim!$G$251 -> 0.88611711 | Q14: 0.25 | R14: =[1]ktek_AT15_slim!$J$251 -> 13 | S14: 0.2 | T14: =1000*1.0551*8760*S14/1000000 -> 1.8485352 | U14: GJ/yr | V14: =(-PMT($Q14,$R14,D14)+$O14)*$AE$1/$T14 -> 2.6946685 | W14: =(-PMT($Q14,$R14,E14)+$O14)*$AE$1/$T14 -> 2.6946685 | X14: =(-PMT($Q14,$R14,F14)+$O14)*$AE$1/$T14 -> 2.6946685 | Y14: =(-PMT($Q14,$R14,G14)+$O14)*$AE$1/$T14 -> 2.6946685 | Z14: =(-PMT($Q14,$R14,H14)+$O14)*$AE$1/$T14 -> 2.6946685 | AA14: =(-PMT($Q14,$R14,I14)+$O14)*$AE$1/$T14 -> 2.6946685 | AB14: =(-PMT($Q14,$R14,J14)+$O14)*$AE$1/$T14 -> 2.6946685 | AC14: =(-PMT($Q14,$R14,K14)+$O14)*$AE$1/$T14 -> 2.6946685 | ... AE14: =(-PMT($Q14,$R14,M14)+$O14)*$AE$1/$T14 -> 2.6946685 | AF14: =A14&B14&C14 -> comm hot waterelectricityelectric resistance water heater
A15: comm hot water | B15: refined liquids | C15: fuel water heater | D15: 45.378342 | E15: 45.378342 | F15: 45.378342 | G15: 45.421601 | H15: 45.491986 | I15: 45.601584 | J15: 45.774408 | K15: 46.051785 | L15: 46.485062 | M15: 46.485062 | N15: $/1000 btu/hr | O15: =[1]ktek_AT15_slim!$G$256 -> 1.4466546 | Q15: 0.25 | R15: =[1]ktek_AT15_slim!$J$256 -> 13 | S15: 0.2 | T15: =1000*1.0551*8760*S15/1000000 -> 1.8485352 | U15: GJ/yr | V15: =(-PMT($Q15,$R15,D15)+$O15)*$AE$1/$T15 -> 2.0125758 | W15: =(-PMT($Q15,$R15,E15)+$O15)*$AE$1/$T15 -> 2.0125758 | X15: =(-PMT($Q15,$R15,F15)+$O15)*$AE$1/$T15 -> 2.0125758 | Y15: =(-PMT($Q15,$R15,G15)+$O15)*$AE$1/$T15 -> 2.014288 | Z15: =(-PMT($Q15,$R15,H15)+$O15)*$AE$1/$T15 -> 2.017074 | AA15: =(-PMT($Q15,$R15,I15)+$O15)*$AE$1/$T15 -> 2.021412 | AB15: =(-PMT($Q15,$R15,J15)+$O15)*$AE$1/$T15 -> 2.0282526 | AC15: =(-PMT($Q15,$R15,K15)+$O15)*$AE$1/$T15 -> 2.0392314 | ... AE15: =(-PMT($Q15,$R15,M15)+$O15)*$AE$1/$T15 -> 2.056381 | AF15: =A15&B15&C15 -> comm hot waterrefined liquidsfuel water heater
A16: comm refrigeration | B16: electricity | C16: refrigeration | D16: 632.29 | E16: 632.29 | F16: 632.29 | G16: 639.20329 | H16: 643.72529 | I16: 644.93311 | J16: 645.5658 | K16: 645.90475 | L16: 646.08736 | M16: 646.08736 | N16: $/1000 btu/hr | O16: =[1]ktek_AT15_slim!$G$452 -> 92.812128 | Q16: 0.25 | R16: =[1]ktek_AT15_slim!$J$411 -> 10 | S16: 0.3 | T16: =1000*1.0551*8760*S16/1000000 -> 2.7728028 | U16: GJ/yr | V16: =(-PMT($Q16,$R16,D16)+$O16)*$AE$1/$T16 -> 26.92165 | W16: =(-PMT($Q16,$R16,E16)+$O16)*$AE$1/$T16 -> 26.92165 | X16: =(-PMT($Q16,$R16,F16)+$O16)*$AE$1/$T16 -> 26.92165 | Y16: =(-PMT($Q16,$R16,G16)+$O16)*$AE$1/$T16 -> 27.114782 | Z16: =(-PMT($Q16,$R16,H16)+$O16)*$AE$1/$T16 -> 27.241111 | AA16: =(-PMT($Q16,$R16,I16)+$O16)*$AE$1/$T16 -> 27.274853 | AB16: =(-PMT($Q16,$R16,J16)+$O16)*$AE$1/$T16 -> 27.292528 | AC16: =(-PMT($Q16,$R16,K16)+$O16)*$AE$1/$T16 -> 27.301997 | ... AE16: =(-PMT($Q16,$R16,M16)+$O16)*$AE$1/$T16 -> 27.307099 | AF16: =A16&B16&C16 -> comm refrigerationelectricityrefrigeration
A17: comm refrigeration | B17: electricity | C17: refrigeration hi-eff | D17: 632.29 | E17: 632.29 | F17: 632.29 | G17: 639.20329 | H17: 643.72529 | I17: 644.93311 | J17: 645.5658 | K17: 645.90475 | L17: 646.08736 | M17: 646.08736 | N17: $/1000 btu/hr | O17: =[1]ktek_AT15_slim!$G$453 -> 92.812128 | Q17: 0.25 | R17: =[1]ktek_AT15_slim!$J$411 -> 10 | S17: 0.3 | T17: =1000*1.0551*8760*S17/1000000 -> 2.7728028 | U17: GJ/yr | V17: =(-PMT($Q17,$R17,D17)+$O17)*$AE$1/$T17 -> 26.92165 | W17: =(-PMT($Q17,$R17,E17)+$O17)*$AE$1/$T17 -> 26.92165 | X17: =(-PMT($Q17,$R17,F17)+$O17)*$AE$1/$T17 -> 26.92165 | Y17: =(-PMT($Q17,$R17,G17)+$O17)*$AE$1/$T17 -> 27.114782 | Z17: =(-PMT($Q17,$R17,H17)+$O17)*$AE$1/$T17 -> 27.241111 | AA17: =(-PMT($Q17,$R17,I17)+$O17)*$AE$1/$T17 -> 27.274853 | AB17: =(-PMT($Q17,$R17,J17)+$O17)*$AE$1/$T17 -> 27.292528 | AC17: =(-PMT($Q17,$R17,K17)+$O17)*$AE$1/$T17 -> 27.301997 | ... AE17: =(-PMT($Q17,$R17,M17)+$O17)*$AE$1/$T17 -> 27.307099 | AF17: =A17&B17&C17 -> comm refrigerationelectricityrefrigeration hi-eff
A18: comm cooking | B18: gas | C18: gas range | D18: 87.27 | E18: 87.27 | F18: 87.27 | G18: 87.27 | H18: 87.27 | I18: 87.27 | J18: 87.27 | K18: 87.27 | L18: 87.27 | M18: 87.27 | N18: $/1000 btu/hr | O18: =[1]ktek_AT15_slim!$G$284 -> 0.42770702 | Q18: 0.25 | R18: =[1]ktek_AT15_slim!$J$284 -> 10 | S18: 0.15 | T18: =1000*1.0551*8760*S18/1000000 -> 1.3864014 | U18: GJ/yr | V18: =(-PMT($Q18,$R18,D18)+$O18)*$AE$1/$T18 -> 4.9613464 | W18: =(-PMT($Q18,$R18,E18)+$O18)*$AE$1/$T18 -> 4.9613464 | X18: =(-PMT($Q18,$R18,F18)+$O18)*$AE$1/$T18 -> 4.9613464 | Y18: =(-PMT($Q18,$R18,G18)+$O18)*$AE$1/$T18 -> 4.9613464 | Z18: =(-PMT($Q18,$R18,H18)+$O18)*$AE$1/$T18 -> 4.9613464 | AA18: =(-PMT($Q18,$R18,I18)+$O18)*$AE$1/$T18 -> 4.9613464 | AB18: =(-PMT($Q18,$R18,J18)+$O18)*$AE$1/$T18 -> 4.9613464 | AC18: =(-PMT($Q18,$R18,K18)+$O18)*$AE$1/$T18 -> 4.9613464 | ... AE18: =(-PMT($Q18,$R18,M18)+$O18)*$AE$1/$T18 -> 4.9613464 | AF18: =A18&B18&C18 -> comm cookinggasgas range
A19: comm cooking | B19: gas | C19: gas range hi-eff | D19: 87.27 | E19: 87.27 | F19: 87.27 | G19: 87.27 | H19: 87.27 | I19: 87.27 | J19: 87.27 | K19: 87.27 | L19: 87.27 | M19: 87.27 | N19: $/1000 btu/hr | O19: =[1]ktek_AT15_slim!$G$285 -> 0.42770702 | Q19: 0.25 | R19: =[1]ktek_AT15_slim!$J$285 -> 10 | S19: 0.15 | T19: =1000*1.0551*8760*S19/1000000 -> 1.3864014 | U19: GJ/yr | V19: =(-PMT($Q19,$R19,D19)+$O19)*$AE$1/$T19 -> 4.9613464 | W19: =(-PMT($Q19,$R19,E19)+$O19)*$AE$1/$T19 -> 4.9613464 | X19: =(-PMT($Q19,$R19,F19)+$O19)*$AE$1/$T19 -> 4.9613464 | Y19: =(-PMT($Q19,$R19,G19)+$O19)*$AE$1/$T19 -> 4.9613464 | Z19: =(-PMT($Q19,$R19,H19)+$O19)*$AE$1/$T19 -> 4.9613464 | AA19: =(-PMT($Q19,$R19,I19)+$O19)*$AE$1/$T19 -> 4.9613464 | AB19: =(-PMT($Q19,$R19,J19)+$O19)*$AE$1/$T19 -> 4.9613464 | AC19: =(-PMT($Q19,$R19,K19)+$O19)*$AE$1/$T19 -> 4.9613464 | ... AE19: =(-PMT($Q19,$R19,M19)+$O19)*$AE$1/$T19 -> 4.9613464 | AF19: =A19&B19&C19 -> comm cookinggasgas range hi-eff
A20: comm cooking | B20: electricity | C20: electric range | D20: 203.24165 | E20: 203.24165 | F20: 203.24165 | G20: 203.3555 | H20: 203.53917 | I20: 203.8412 | J20: 204.33507 | K20: 205.13598 | L20: 206.43162 | M20: 206.43162 | N20: $/1000 btu/hr | O20: =[1]ktek_AT15_slim!$G$282 -> 0.42770702 | Q20: 0.25 | R20: =[1]ktek_AT15_slim!$J$282 -> 10 | S20: 0.15 | T20: =1000*1.0551*8760*S20/1000000 -> 1.3864014 | U20: GJ/yr | V20: =(-PMT($Q20,$R20,D20)+$O20)*$AE$1/$T20 -> 11.44101 | W20: =(-PMT($Q20,$R20,E20)+$O20)*$AE$1/$T20 -> 11.44101 | X20: =(-PMT($Q20,$R20,F20)+$O20)*$AE$1/$T20 -> 11.44101 | Y20: =(-PMT($Q20,$R20,G20)+$O20)*$AE$1/$T20 -> 11.447371 | Z20: =(-PMT($Q20,$R20,H20)+$O20)*$AE$1/$T20 -> 11.457633 | AA20: =(-PMT($Q20,$R20,I20)+$O20)*$AE$1/$T20 -> 11.474509 | AB20: =(-PMT($Q20,$R20,J20)+$O20)*$AE$1/$T20 -> 11.502103 | AC20: =(-PMT($Q20,$R20,K20)+$O20)*$AE$1/$T20 -> 11.546852 | ... AE20: =(-PMT($Q20,$R20,M20)+$O20)*$AE$1/$T20 -> 11.619243 | AF20: =A20&B20&C20 -> comm cookingelectricityelectric range
A21: comm cooking | B21: electricity | C21: electric range hi-eff | D21: 203.24165 | E21: 203.24165 | F21: 203.24165 | G21: 203.3555 | H21: 203.53917 | I21: 203.8412 | J21: 204.33507 | K21: 205.13598 | L21: 206.43162 | M21: 206.43162 | N21: $/1000 btu/hr | O21: =[1]ktek_AT15_slim!$G$283 -> 0.42770702 | Q21: 0.25 | R21: =[1]ktek_AT15_slim!$J$283 -> 10 | S21: 0.15 | T21: =1000*1.0551*8760*S21/1000000 -> 1.3864014 | U21: GJ/yr | V21: =(-PMT($Q21,$R21,D21)+$O21)*$AE$1/$T21 -> 11.44101 | W21: =(-PMT($Q21,$R21,E21)+$O21)*$AE$1/$T21 -> 11.44101 | X21: =(-PMT($Q21,$R21,F21)+$O21)*$AE$1/$T21 -> 11.44101 | Y21: =(-PMT($Q21,$R21,G21)+$O21)*$AE$1/$T21 -> 11.447371 | Z21: =(-PMT($Q21,$R21,H21)+$O21)*$AE$1/$T21 -> 11.457633 | AA21: =(-PMT($Q21,$R21,I21)+$O21)*$AE$1/$T21 -> 11.474509 | AB21: =(-PMT($Q21,$R21,J21)+$O21)*$AE$1/$T21 -> 11.502103 | AC21: =(-PMT($Q21,$R21,K21)+$O21)*$AE$1/$T21 -> 11.546852 | ... AE21: =(-PMT($Q21,$R21,M21)+$O21)*$AE$1/$T21 -> 11.619243 | AF21: =A21&B21&C21 -> comm cookingelectricityelectric range hi-eff
A22: comm lighting | B22: electricity | C22: incandescent | D22: 100.2 | E22: 100.2 | F22: 100.2 | G22: 100.2 | H22: 100.2 | I22: 100.2 | J22: 100.2 | K22: 100.2 | L22: 100.2 | M22: 100.2 | N22: $/1000 lumen | O22: =[1]ktek_AT15_slim!$G$298 -> 5.235658 | Q22: 0.25 | R22: =[1]ktek_AT15_slim!$J$298 -> 15 | S22: 0.4 | T22: =1000/1000000*8760*S22 -> 3.504 | U22: mil lumen-hours/yr | V22: =(-PMT($Q22,$R22,D22)+$O22)*$AE$1/$T22 -> 2.4626231 | W22: =(-PMT($Q22,$R22,E22)+$O22)*$AE$1/$T22 -> 2.4626231 | X22: =(-PMT($Q22,$R22,F22)+$O22)*$AE$1/$T22 -> 2.4626231 | Y22: =(-PMT($Q22,$R22,G22)+$O22)*$AE$1/$T22 -> 2.4626231 | Z22: =(-PMT($Q22,$R22,H22)+$O22)*$AE$1/$T22 -> 2.4626231 | AA22: =(-PMT($Q22,$R22,I22)+$O22)*$AE$1/$T22 -> 2.4626231 | AB22: =(-PMT($Q22,$R22,J22)+$O22)*$AE$1/$T22 -> 2.4626231 | AC22: =(-PMT($Q22,$R22,K22)+$O22)*$AE$1/$T22 -> 2.4626231 | ... AE22: =(-PMT($Q22,$R22,M22)+$O22)*$AE$1/$T22 -> 2.4626231 | AF22: =A22&B22&C22 -> comm lightingelectricityincandescent
A23: comm lighting | B23: electricity | C23: fluorescent | D23: 19.09 | E23: 19.09 | F23: 19.09 | G23: 19.09 | H23: 19.09 | I23: 19.09 | J23: 19.09 | K23: 19.09 | L23: 19.09 | M23: 19.09 | N23: $/1000 lumen | O23: =[1]ktek_AT15_slim!$G$349 -> 0.45965489 | Q23: 0.25 | R23: =[1]ktek_AT15_slim!$J$349 -> 15 | S23: 0.4 | T23: =1000/1000000*8760*S23 -> 3.504 | U23: mil lumen-hours/yr | V23: =(-PMT($Q23,$R23,D23)+$O23)*$AE$1/$T23 -> 0.42672366 | W23: =(-PMT($Q23,$R23,E23)+$O23)*$AE$1/$T23 -> 0.42672366 | X23: =(-PMT($Q23,$R23,F23)+$O23)*$AE$1/$T23 -> 0.42672366 | Y23: =(-PMT($Q23,$R23,G23)+$O23)*$AE$1/$T23 -> 0.42672366 | Z23: =(-PMT($Q23,$R23,H23)+$O23)*$AE$1/$T23 -> 0.42672366 | AA23: =(-PMT($Q23,$R23,I23)+$O23)*$AE$1/$T23 -> 0.42672366 | AB23: =(-PMT($Q23,$R23,J23)+$O23)*$AE$1/$T23 -> 0.42672366 | AC23: =(-PMT($Q23,$R23,K23)+$O23)*$AE$1/$T23 -> 0.42672366 | ... AE23: =(-PMT($Q23,$R23,M23)+$O23)*$AE$1/$T23 -> 0.42672366 | AF23: =A23&B23&C23 -> comm lightingelectricityfluorescent
A24: comm lighting | B24: electricity | C24: solid state | D24: 21.425314 | E24: 21.425314 | F24: 21.425314 | G24: 24.696523 | H24: 27.498943 | I24: 29.738706 | J24: 35.175684 | K24: 43.432152 | L24: 63.686046 | M24: 63.686046 | N24: $/1000 lumen | O24: =[1]ktek_AT15_slim!$G$355 -> 0.61894523 | Q24: 0.25 | R24: =[1]ktek_AT15_slim!$J$355 -> 15 | S24: 0.4 | T24: =1000/1000000*8760*S24 -> 3.504 | U24: mil lumen-hours/yr | V24: =(-PMT($Q24,$R24,D24)+$O24)*$AE$1/$T24 -> 0.48706028 | W24: =(-PMT($Q24,$R24,E24)+$O24)*$AE$1/$T24 -> 0.48706028 | X24: =(-PMT($Q24,$R24,F24)+$O24)*$AE$1/$T24 -> 0.48706028 | Y24: =(-PMT($Q24,$R24,G24)+$O24)*$AE$1/$T24 -> 0.55396535 | Z24: =(-PMT($Q24,$R24,H24)+$O24)*$AE$1/$T24 -> 0.61128239 | AA24: =(-PMT($Q24,$R24,I24)+$O24)*$AE$1/$T24 -> 0.65709159 | AB24: =(-PMT($Q24,$R24,J24)+$O24)*$AE$1/$T24 -> 0.76829248 | AC24: =(-PMT($Q24,$R24,K24)+$O24)*$AE$1/$T24 -> 0.93715953 | ... AE24: =(-PMT($Q24,$R24,M24)+$O24)*$AE$1/$T24 -> 1.3514063 | AF24: =A24&B24&C24 -> comm lightingelectricitysolid state
A25: comm ventilation | B25: electricity | C25: ventilation | D25: 4758.1992 | E25: 4758.1992 | F25: 4758.1992 | G25: 4793.1621 | H25: 4900.249 | I25: 4970.4092 | J25: 5016.9979 | K25: 5049.0588 | L25: 5071.2357 | M25: 5071.2357 | N25: $/1000 cfm | O25: =[1]ktek_AT15_slim!$G$260 -> 32.645803 | Q25: 0.25 | R25: =[1]ktek_AT15_slim!$J$260 -> 20 | S25: 0.5 | T25: =1000*0.02831*60*8760*S25/1000000 -> 7.439868 | U25: million m3/yr | V25: =(-PMT($Q25,$R25,D25)+$O25)*$AE$1/$T25 -> 45.951208 | W25: =(-PMT($Q25,$R25,E25)+$O25)*$AE$1/$T25 -> 45.951208 | X25: =(-PMT($Q25,$R25,F25)+$O25)*$AE$1/$T25 -> 45.951208 | Y25: =(-PMT($Q25,$R25,G25)+$O25)*$AE$1/$T25 -> 46.279936 | Z25: =(-PMT($Q25,$R25,H25)+$O25)*$AE$1/$T25 -> 47.28679 | AA25: =(-PMT($Q25,$R25,I25)+$O25)*$AE$1/$T25 -> 47.946451 | AB25: =(-PMT($Q25,$R25,J25)+$O25)*$AE$1/$T25 -> 48.384488 | AC25: =(-PMT($Q25,$R25,K25)+$O25)*$AE$1/$T25 -> 48.685931 | ... AE25: =(-PMT($Q25,$R25,M25)+$O25)*$AE$1/$T25 -> 48.894443 | AF25: =A25&B25&C25 -> comm ventilationelectricityventilation
A26: comm ventilation | B26: electricity | C26: ventilation hi-eff | D26: 6089.811 | E26: 6089.811 | F26: 6089.811 | G26: 6124.7739 | H26: 6231.8608 | I26: 6302.021 | J26: 6348.6097 | K26: 6380.6706 | L26: 6402.8475 | M26: 6402.8475 | N26: $/1000 cfm | O26: =[1]ktek_AT15_slim!$G$274 -> 18.937804 | Q26: 0.25 | R26: =[1]ktek_AT15_slim!$J$274 -> 20 | S26: 0.5 | T26: =1000*0.02831*60*8760*S26/1000000 -> 7.439868 | U26: million m3/yr | V26: =(-PMT($Q26,$R26,D26)+$O26)*$AE$1/$T26 -> 57.961704 | W26: =(-PMT($Q26,$R26,E26)+$O26)*$AE$1/$T26 -> 57.961704 | X26: =(-PMT($Q26,$R26,F26)+$O26)*$AE$1/$T26 -> 57.961704 | Y26: =(-PMT($Q26,$R26,G26)+$O26)*$AE$1/$T26 -> 58.290433 | Z26: =(-PMT($Q26,$R26,H26)+$O26)*$AE$1/$T26 -> 59.297286 | AA26: =(-PMT($Q26,$R26,I26)+$O26)*$AE$1/$T26 -> 59.956948 | AB26: =(-PMT($Q26,$R26,J26)+$O26)*$AE$1/$T26 -> 60.394984 | AC26: =(-PMT($Q26,$R26,K26)+$O26)*$AE$1/$T26 -> 60.696428 | ... AE26: =(-PMT($Q26,$R26,M26)+$O26)*$AE$1/$T26 -> 60.904939 | AF26: =A26&B26&C26 -> comm ventilationelectricityventilation hi-eff
A27: comm office | B27: electricity | C27: office equipment
A28: comm other | B28: gas | C28: gas
A29: comm other | B29: electricity | C29: electricity
A30: comm other | B30: refined liquids | C30: refined liquids
A31: comm non-building | B31: electricity | C31: electricity

Sheet res_eff
D1: from NEMS | R1: To GCAM
A2: Service | B2: Fuel Input | C2: Technology | D2: 2010 | E2: 2015 | F2: 2020 | G2: 2025 | H2: 2030 | I2: 2035 | J2: 2040 | K2: 2045 | L2: 2050 | M2: 2100 | N2: Unit | O2: Scout unit (no need to convert to match Page's table) | R2: 2010 | S2: 2015 | T2: 2020 | U2: 2025 | V2: 2030 | W2: 2035 | X2: 2040 | Y2: 2045 | Z2: 2050 | AA2: 2100 | AB2: Unit
A3: resid heating | B3: gas | C3: gas furnace | D3: 0.8594217 | E3: 0.8594217 | F3: 0.8594217 | G3: 0.8594217 | H3: 0.8594217 | I3: 0.8594217 | J3: 0.8594217 | K3: 0.8594217 | L3: 0.8594217 | M3: 0.8594217 | N3: Out/in | O3: AFUE | R3: =D3 -> 0.8594217 | S3: =E3 -> 0.8594217 | T3: =F3 -> 0.8594217 | U3: =G3 -> 0.8594217 | V3: =H3 -> 0.8594217 | W3: =I3 -> 0.8594217 | X3: =J3 -> 0.8594217 | Y3: =K3 -> 0.8594217 | ... AA3: =M3 -> 0.8594217 | AB3: Out/in | AC3: =A3&B3&C3 -> resid heatinggasgas furnace
A4: resid heating | B4: gas | C4: gas furnace hi-eff | D4: 0.93 | E4: 0.93 | F4: 0.93 | G4: 0.93 | H4: 0.93 | I4: 0.93 | J4: 0.93 | K4: 0.93 | L4: 0.93 | M4: 0.93 | N4: Out/in | O4: AFUE | R4: =D4 -> 0.93 | S4: =E4 -> 0.93 | T4: =F4 -> 0.93 | U4: =G4 -> 0.93 | V4: =H4 -> 0.93 | W4: =I4 -> 0.93 | X4: =J4 -> 0.93 | Y4: =K4 -> 0.93 | ... AA4: =M4 -> 0.93 | AB4: Out/in | AC4: =A4&B4&C4 -> resid heatinggasgas furnace hi-eff
A5: resid heating | B5: electricity | C5: electric furnace | D5: 0.98 | E5: 0.98 | F5: 0.98 | G5: 0.98 | H5: 0.98 | I5: 0.98 | J5: 0.98 | K5: 0.98 | L5: 0.98 | M5: 0.98 | N5: Out/in | O5: AFUE | R5: =D5 -> 0.98 | S5: =E5 -> 0.98 | T5: =F5 -> 0.98 | U5: =G5 -> 0.98 | V5: =H5 -> 0.98 | W5: =I5 -> 0.98 | X5: =J5 -> 0.98 | Y5: =K5 -> 0.98 | ... AA5: =M5 -> 0.98 | AB5: Out/in | AC5: =A5&B5&C5 -> resid heatingelectricityelectric furnace
A6: resid heating | B6: electricity | C6: electric heat pump | D6: 2.7 | E6: 2.7 | F6: 2.7 | G6: 2.7 | H6: 2.7 | I6: 2.7 | J6: 2.7 | K6: 2.7 | L6: 2.7 | M6: 2.7 | N6: Out/in | O6: COP | R6: =D6 -> 2.7 | S6: =E6 -> 2.7 | T6: =F6 -> 2.7 | U6: =G6 -> 2.7 | V6: =H6 -> 2.7 | W6: =I6 -> 2.7 | X6: =J6 -> 2.7 | Y6: =K6 -> 2.7 | ... AA6: =M6 -> 2.7 | AB6: Out/in | AC6: =A6&B6&C6 -> resid heatingelectricityelectric heat pump
A7: resid heating | B7: refined liquids | C7: fuel furnace | D7: 0.84 | E7: 0.84 | F7: 0.84 | G7: 0.84 | H7: 0.84 | I7: 0.84 | J7: 0.84 | K7: 0.84 | L7: 0.84 | M7: 0.84 | N7: Out/in | O7: AFUE | R7: =D7 -> 0.84 | S7: =E7 -> 0.84 | T7: =F7 -> 0.84 | U7: =G7 -> 0.84 | V7: =H7 -> 0.84 | W7: =I7 -> 0.84 | X7: =J7 -> 0.84 | Y7: =K7 -> 0.84 | ... AA7: =M7 -> 0.84 | AB7: Out/in | AC7: =A7&B7&C7 -> resid heatingrefined liquidsfuel furnace
A8: resid heating | B8: refined liquids | C8: fuel furnace hi-eff | D8: 0.85 | E8: 0.85 | F8: 0.85 | G8: 0.85 | H8: 0.85 | I8: 0.85 | J8: 0.85 | K8: 0.85 | L8: 0.85 | M8: 0.85 | N8: Out/in | O8: AFUE | R8: =D8 -> 0.85 | S8: =E8 -> 0.85 | T8: =F8 -> 0.85 | U8: =G8 -> 0.85 | V8: =H8 -> 0.85 | W8: =I8 -> 0.85 | X8: =J8 -> 0.85 | Y8: =K8 -> 0.85 | ... AA8: =M8 -> 0.85 | AB8: Out/in | AC8: =A8&B8&C8 -> resid heatingrefined liquidsfuel furnace hi-eff
A9: resid cooling | B9: electricity | C9: air conditioning | D9: 4.1625933 | E9: 4.1625933 | F9: 4.1625933 | G9: 4.3446294 | H9: 4.3446294 | I9: 4.3446294 | J9: 4.3446294 | K9: 4.3446294 | L9: 4.3446294 | M9: 4.3446294 | N9: Out/in | O9: COP | R9: =D9 -> 4.1625933 | S9: =E9 -> 4.1625933 | T9: =F9 -> 4.1625933 | U9: =G9 -> 4.3446294 | V9: =H9 -> 4.3446294 | W9: =I9 -> 4.3446294 | X9: =J9 -> 4.3446294 | Y9: =K9 -> 4.3446294 | ... AA9: =M9 -> 4.3446294 | AB9: Out/in | AC9: =A9&B9&C9 -> resid coolingelectricityair conditioning
A10: resid cooling | B10: electricity | C10: air conditioning hi-eff | D10: 4.69 | E10: 4.69 | F10: 4.69 | G10: 4.8720361 | H10: 4.8720361 | I10: 4.8720361 | J10: 4.8720361 | K10: 4.8720361 | L10: 4.8720361 | M10: 4.8720361 | N10: Out/in | O10: COP | R10: =D10 -> 4.69 | S10: =E10 -> 4.69 | T10: =F10 -> 4.69 | U10: =G10 -> 4.8720361 | V10: =H10 -> 4.8720361 | W10: =I10 -> 4.8720361 | X10: =J10 -> 4.8720361 | Y10: =K10 -> 4.8720361 | ... AA10: =M10 -> 4.8720361 | AB10: Out/in | AC10: =A10&B10&C10 -> resid coolingelectricityair conditioning hi-eff
A11: resid hot water | B11: gas | C11: gas water heater | D11: 0.63 | E11: 0.63 | F11: 0.63 | G11: 0.63 | H11: 0.63 | I11: 0.63 | J11: 0.63 | K11: 0.63 | L11: 0.63 | M11: 0.63 | N11: EF | O11: UEF | R11: =D11 -> 0.63 | S11: =E11 -> 0.63 | T11: =F11 -> 0.63 | U11: =G11 -> 0.63 | V11: =H11 -> 0.63 | W11: =I11 -> 0.63 | X11: =J11 -> 0.63 | Y11: =K11 -> 0.63 | ... AA11: =M11 -> 0.63 | AB11: Out/in | AC11: =A11&B11&C11 -> resid hot watergasgas water heater
A12: resid hot water | B12: gas | C12: gas water heater hi-eff | D12: 0.68 | E12: 0.68 | F12: 0.68 | G12: 0.68 | H12: 0.68 | I12: 0.68 | J12: 0.68 | K12: 0.68 | L12: 0.68 | M12: 0.68 | N12: EF | O12: UEF | R12: =D12 -> 0.68 | S12: =E12 -> 0.68 | T12: =F12 -> 0.68 | U12: =G12 -> 0.68 | V12: =H12 -> 0.68 | W12: =I12 -> 0.68 | X12: =J12 -> 0.68 | Y12: =K12 -> 0.68 | ... AA12: =M12 -> 0.68 | AB12: Out/in | AC12: =A12&B12&C12 -> resid hot watergasgas water heater hi-eff
A13: resid hot water | B13: electricity | C13: electric heat pump water heater | D13: 3.3 | E13: 3.3 | F13: 3.3 | G13: 3.3 | H13: 3.3 | I13: 3.3 | J13: 3.3 | K13: 3.3 | L13: 3.3 | M13: 3.3 | N13: EF | O13: UEF | R13: =D13 -> 3.3 | S13: =E13 -> 3.3 | T13: =F13 -> 3.3 | U13: =G13 -> 3.3 | V13: =H13 -> 3.3 | W13: =I13 -> 3.3 | X13: =J13 -> 3.3 | Y13: =K13 -> 3.3 | ... AA13: =M13 -> 3.3 | AB13: Out/in | AC13: =A13&B13&C13 -> resid hot waterelectricityelectric heat pump water heater
A14: resid hot water | B14: electricity | C14: electric resistance water heater | D14: 0.93 | E14: 0.93 | F14: 0.93 | G14: 0.93 | H14: 0.93 | I14: 0.93 | J14: 0.93 | K14: 0.93 | L14: 0.93 | M14: 0.93 | N14: EF | O14: UEF | R14: =D14 -> 0.93 | S14: =E14 -> 0.93 | T14: =F14 -> 0.93 | U14: =G14 -> 0.93 | V14: =H14 -> 0.93 | W14: =I14 -> 0.93 | X14: =J14 -> 0.93 | Y14: =K14 -> 0.93 | ... AA14: =M14 -> 0.93 | AB14: Out/in | AC14: =A14&B14&C14 -> resid hot waterelectricityelectric resistance water heater
... A17: resid hot water | B17: refined liquids | C17: fuel water heater hi-eff | D17: 0.63 | E17: 0.63 | F17: 0.63 | G17: 0.63 | H17: 0.63 | I17: 0.63 | J17: 0.63 | K17: 0.63 | L17: 0.63 | M17: 0.63 | N17: EF | O17: UEF | R17: =D17 -> 0.63 | S17: =E17 -> 0.63 | T17: =F17 -> 0.63 | U17: =G17 -> 0.63 | V17: =H17 -> 0.63 | W17: =I17 -> 0.63 | X17: =J17 -> 0.63 | Y17: =K17 -> 0.63 | ... AA17: =M17 -> 0.63 | AB17: Out/in | AC17: =A17&B17&C17 -> resid hot waterrefined liquidsfuel water heater hi-eff
A18: resid refrigerators | B18: electricity | C18: refrigerator | D18: 513.33333 | E18: 513.33333 | F18: 513.33333 | G18: 513.33333 | H18: 513.33333 | I18: 513.33333 | J18: 513.33333 | K18: 513.33333 | L18: 513.33333 | M18: 513.33333 | N18: kwh/yr | O18: kWh/yr | P18: 2 | Q18: base efficiency | R18: =$D$18/D18*$P$18 -> 2 | S18: =$D$18/E18*$P$18 -> 2 | T18: =$D$18/F18*$P$18 -> 2 | U18: =$D$18/G18*$P$18 -> 2 | V18: =$D$18/H18*$P$18 -> 2 | W18: =$D$18/I18*$P$18 -> 2 | X18: =$D$18/J18*$P$18 -> 2 | Y18: =$D$18/K18*$P$18 -> 2 | ... AA18: =$D$18/M18*$P$18 -> 2 | AB18: Out/in | AC18: =A18&B18&C18 -> resid refrigeratorselectricityrefrigerator
A19: resid refrigerators | B19: electricity | C19: refrigerator hi-eff | D19: 489 | E19: 489 | F19: 489 | G19: 489 | H19: 489 | I19: 489 | J19: 489 | K19: 489 | L19: 489 | M19: 489 | N19: kwh/yr | O19: kWh/yr | R19: =$D$18/D19*$P$18 -> 2.0995228 | S19: =$D$18/E19*$P$18 -> 2.0995228 | T19: =$D$18/F19*$P$18 -> 2.0995228 | U19: =$D$18/G19*$P$18 -> 2.0995228 | V19: =$D$18/H19*$P$18 -> 2.0995228 | W19: =$D$18/I19*$P$18 -> 2.0995228 | X19: =$D$18/J19*$P$18 -> 2.0995228 | Y19: =$D$18/K19*$P$18 -> 2.0995228 | ... AA19: =$D$18/M19*$P$18 -> 2.0995228 | AB19: Out/in | AC19: =A19&B19&C19 -> resid refrigeratorselectricityrefrigerator hi-eff
A20: resid cooking | B20: gas | C20: gas oven | D20: 0.45 | E20: 0.45 | F20: 0.45 | G20: 0.45 | H20: 0.45 | I20: 0.45 | J20: 0.45 | K20: 0.45 | L20: 0.45 | M20: 0.45 | N20: Out/in | O20: TEff | R20: =D20 -> 0.45 | S20: =E20 -> 0.45 | T20: =F20 -> 0.45 | U20: =G20 -> 0.45 | V20: =H20 -> 0.45 | W20: =I20 -> 0.45 | X20: =J20 -> 0.45 | Y20: =K20 -> 0.45 | ... AA20: =M20 -> 0.45 | AB20: Out/in | AC20: =A20&B20&C20 -> resid cookinggasgas oven
A21: resid cooking | B21: gas | C21: gas oven hi-eff | D21: 0.45 | E21: 0.45 | F21: 0.45 | G21: 0.45 | H21: 0.45 | I21: 0.45 | J21: 0.45 | K21: 0.45 | L21: 0.45 | M21: 0.45 | N21: Out/in | O21: TEff | R21: =D21 -> 0.45 | S21: =E21 -> 0.45 | T21: =F21 -> 0.45 | U21: =G21 -> 0.45 | V21: =H21 -> 0.45 | W21: =I21 -> 0.45 | X21: =J21 -> 0.45 | Y21: =K21 -> 0.45 | ... AA21: =M21 -> 0.45 | AB21: Out/in | AC21: =A21&B21&C21 -> resid cookinggasgas oven hi-eff
A22: resid cooking | B22: electricity | C22: electric oven | D22: 228.09136 | E22: 228.09136 | F22: 228.09136 | G22: 228.09136 | H22: 228.09136 | I22: 228.09136 | J22: 228.09136 | K22: 228.09136 | L22: 228.09136 | M22: 228.09136 | N22: kwh/yr | O22: kWh/yr | P22: =D20*comm_eff!D20/comm_eff!D18 -> 0.97140913 | Q22: base efficiency | R22: =$D$22/D22*$P$22 -> 0.97140913 | S22: =$D$22/E22*$P$22 -> 0.97140913 | T22: =$D$22/F22*$P$22 -> 0.97140913 | U22: =$D$22/G22*$P$22 -> 0.97140913 | V22: =$D$22/H22*$P$22 -> 0.97140913 | W22: =$D$22/I22*$P$22 -> 0.97140913 | X22: =$D$22/J22*$P$22 -> 0.97140913 | Y22: =$D$22/K22*$P$22 -> 0.97140913 | ... AA22: =$D$22/M22*$P$22 -> 0.97140913 | AB22: Out/in | AC22: =A22&B22&C22 -> resid cookingelectricityelectric oven
A23: resid clothes dryers | B23: gas | C23: clothes dryer | D23: 3.32 | E23: 3.32 | F23: 3.32 | G23: 3.32 | H23: 3.32 | I23: 3.32 | J23: 3.32 | K23: 3.32 | L23: 3.32 | M23: 3.32 | N23: lb/kWh | O23: CEF | R23: =D23*0.454/0.0036 -> 418.68889 | S23: =E23*0.454/0.0036 -> 418.68889 | T23: =F23*0.454/0.0036 -> 418.68889 | U23: =G23*0.454/0.0036 -> 418.68889 | V23: =H23*0.454/0.0036 -> 418.68889 | W23: =I23*0.454/0.0036 -> 418.68889 | X23: =J23*0.454/0.0036 -> 418.68889 | Y23: =K23*0.454/0.0036 -> 418.68889 | ... AA23: =M23*0.454/0.0036 -> 418.68889 | AB23: kg/GJ | AC23: =A23&B23&C23 -> resid clothes dryersgasclothes dryer
A24: resid clothes dryers | B24: gas | C24: clothes dryer | D24: 3.32 | E24: 3.32 | F24: 3.32 | G24: 3.32 | H24: 3.32 | I24: 3.32 | J24: 3.32 | K24: 3.32 | L24: 3.32 | M24: 3.32 | N24: lb/kWh | O24: CEF | R24: =D24*0.454/0.0036 -> 418.68889 | S24: =E24*0.454/0.0036 -> 418.68889 | T24: =F24*0.454/0.0036 -> 418.68889 | U24: =G24*0.454/0.0036 -> 418.68889 | V24: =H24*0.454/0.0036 -> 418.68889 | W24: =I24*0.454/0.0036 -> 418.68889 | X24: =J24*0.454/0.0036 -> 418.68889 | Y24: =K24*0.454/0.0036 -> 418.68889 | ... AA24: =M24*0.454/0.0036 -> 418.68889 | AB24: kg/GJ | AC24: =A24&B24&C24 -> resid clothes dryersgasclothes dryer
A25: resid clothes dryers | B25: electricity | C25: clothes dryer | D25: 3.74 | E25: 3.74 | F25: 3.74 | G25: 3.74 | H25: 3.74 | I25: 3.74 | J25: 3.74 | K25: 3.74 | L25: 3.74 | M25: 3.74 | N25: lb/kWh | O25: CEF | P25: 600 | Q25: assumed UEC (kwh/yr) | R25: =D25*0.454/0.0036 -> 471.65556 | S25: =E25*0.454/0.0036 -> 471.65556 | T25: =F25*0.454/0.0036 -> 471.65556 | U25: =G25*0.454/0.0036 -> 471.65556 | V25: =H25*0.454/0.0036 -> 471.65556 | W25: =I25*0.454/0.0036 -> 471.65556 | X25: =J25*0.454/0.0036 -> 471.65556 | Y25: =K25*0.454/0.0036 -> 471.65556 | ... AA25: =M25*0.454/0.0036 -> 471.65556 | AB25: kg/GJ | AC25: =A25&B25&C25 -> resid clothes dryerselectricityclothes dryer
A26: resid clothes dryers | B26: electricity | C26: clothes dryer hi-eff | D26: 3.93 | E26: 3.93 | F26: 3.93 | G26: 3.93 | H26: 3.93 | I26: 3.93 | J26: 3.93 | K26: 3.93 | L26: 3.93 | M26: 3.93 | N26: lb/kWh | O26: CEF | R26: =D26*0.454/0.0036 -> 495.61667 | S26: =E26*0.454/0.0036 -> 495.61667 | T26: =F26*0.454/0.0036 -> 495.61667 | U26: =G26*0.454/0.0036 -> 495.61667 | V26: =H26*0.454/0.0036 -> 495.61667 | W26: =I26*0.454/0.0036 -> 495.61667 | X26: =J26*0.454/0.0036 -> 495.61667 | Y26: =K26*0.454/0.0036 -> 495.61667 | ... AA26: =M26*0.454/0.0036 -> 495.61667 | AB26: kg/GJ | AC26: =A26&B26&C26 -> resid clothes dryerselectricityclothes dryer hi-eff
A27: resid freezers | B27: electricity | C27: freezer | D27: 371.5 | E27: 371.5 | F27: 371.5 | G27: 371.5 | H27: 371.5 | I27: 371.5 | J27: 371.5 | K27: 371.5 | L27: 371.5 | M27: 371.5 | N27: kwh/yr | O27: kWh/yr | P27: 1 | Q27: base efficiency | R27: =$D$27/D27*$P$27 -> 1 | S27: =$D$27/E27*$P$27 -> 1 | T27: =$D$27/F27*$P$27 -> 1 | U27: =$D$27/G27*$P$27 -> 1 | V27: =$D$27/H27*$P$27 -> 1 | W27: =$D$27/I27*$P$27 -> 1 | X27: =$D$27/J27*$P$27 -> 1 | Y27: =$D$27/K27*$P$27 -> 1 | ... AA27: =$D$27/M27*$P$27 -> 1 | AB27: Out/in | AC27: =A27&B27&C27 -> resid freezerselectricityfreezer
A28: resid freezers | B28: electricity | C28: freezer hi-eff | D28: 371.5 | E28: 371.5 | F28: 371.5 | G28: 371.5 | H28: 371.5 | I28: 371.5 | J28: 371.5 | K28: 371.5 | L28: 371.5 | M28: 371.5 | N28: kwh/yr | O28: kWh/yr | R28: =$D$27/D28*$P$27 -> 1 | S28: =$D$27/E28*$P$27 -> 1 | T28: =$D$27/F28*$P$27 -> 1 | U28: =$D$27/G28*$P$27 -> 1 | V28: =$D$27/H28*$P$27 -> 1 | W28: =$D$27/I28*$P$27 -> 1 | X28: =$D$27/J28*$P$27 -> 1 | Y28: =$D$27/K28*$P$27 -> 1 | ... AA28: =$D$27/M28*$P$27 -> 1 | AB28: Out/in | AC28: =A28&B28&C28 -> resid freezerselectricityfreezer hi-eff
A29: resid lighting | B29: electricity | C29: incandescent | D29: 17.4 | E29: 17.4 | F29: 17.4 | G29: 17.4 | H29: 17.4 | I29: 17.4 | J29: 17.4 | K29: 17.4 | L29: 17.4 | M29: 17.4 | N29: Lumens/W | O29: lm/W | R29: =D29*1000/1000000/0.0036 -> 4.8333333 | S29: =E29*1000/1000000/0.0036 -> 4.8333333 | T29: =F29*1000/1000000/0.0036 -> 4.8333333 | U29: =G29*1000/1000000/0.0036 -> 4.8333333 | V29: =H29*1000/1000000/0.0036 -> 4.8333333 | W29: =I29*1000/1000000/0.0036 -> 4.8333333 | X29: =J29*1000/1000000/0.0036 -> 4.8333333 | Y29: =K29*1000/1000000/0.0036 -> 4.8333333 | ... AA29: =M29*1000/1000000/0.0036 -> 4.8333333 | AB29: mil lumen-hours/GJ | AC29: =A29&B29&C29 -> resid lightingelectricityincandescent
A30: resid lighting | B30: electricity | C30: fluorescent | D30: 70.6 | E30: 70.6 | F30: 70.6 | G30: 70.6 | H30: 74.2 | I30: 74.2 | J30: 78 | K30: 78 | L30: 78 | M30: 78 | N30: Lumens/W | O30: lm/W | R30: =D30*1000/1000000/0.0036 -> 19.611111 | S30: =E30*1000/1000000/0.0036 -> 19.611111 | T30: =F30*1000/1000000/0.0036 -> 19.611111 | U30: =G30*1000/1000000/0.0036 -> 19.611111 | V30: =H30*1000/1000000/0.0036 -> 20.611111 | W30: =I30*1000/1000000/0.0036 -> 20.611111 | X30: =J30*1000/1000000/0.0036 -> 21.666667 | Y30: =K30*1000/1000000/0.0036 -> 21.666667 | ... AA30: =M30*1000/1000000/0.0036 -> 21.666667 | AB30: mil lumen-hours/GJ | AC30: =A30&B30&C30 -> resid lightingelectricityfluorescent
A31: resid lighting | B31: electricity | C31: solid state | D31: 87.4 | E31: 87.4 | F31: 87.4 | G31: 100.1 | H31: 112.7 | I31: 112.7 | J31: 138.1 | K31: 138.1 | L31: 138.1 | M31: 138.1 | N31: Lumens/W | O31: lm/W | R31: =D31*1000/1000000/0.0036 -> 24.277778 | S31: =E31*1000/1000000/0.0036 -> 24.277778 | T31: =F31*1000/1000000/0.0036 -> 24.277778 | U31: =G31*1000/1000000/0.0036 -> 27.805556 | V31: =H31*1000/1000000/0.0036 -> 31.305556 | W31: =I31*1000/1000000/0.0036 -> 31.305556 | X31: =J31*1000/1000000/0.0036 -> 38.361111 | Y31: =K31*1000/1000000/0.0036 -> 38.361111 | ... AA31: =M31*1000/1000000/0.0036 -> 38.361111 | AB31: mil lumen-hours/GJ | AC31: =A31&B31&C31 -> resid lightingelectricitysolid state
A32: resid clothes washers | B32: electricity | C32: clothes washer | D32: 0.225 | E32: 0.225 | F32: 0.225 | G32: 0.225 | H32: 0.205 | I32: 0.205 | J32: 0.205 | K32: 0.205 | L32: 0.205 | M32: 0.205 | N32: kWh/cycle | O32: kWh/cycle | R32: =1/D32/0.0036 -> 1234.5679 | S32: =1/E32/0.0036 -> 1234.5679 | T32: =1/F32/0.0036 -> 1234.5679 | U32: =1/G32/0.0036 -> 1234.5679 | V32: =1/H32/0.0036 -> 1355.0136 | W32: =1/I32/0.0036 -> 1355.0136 | X32: =1/J32/0.0036 -> 1355.0136 | Y32: =1/K32/0.0036 -> 1355.0136 | ... AA32: =1/M32/0.0036 -> 1355.0136 | AB32: cycles/GJ | AC32: =A32&B32&C32 -> resid clothes washerselectricityclothes washer
A33: resid clothes washers | B33: electricity | C33: clothes washer hi-eff | D33: 0.225 | E33: 0.225 | F33: 0.225 | G33: 0.225 | H33: 0.205 | I33: 0.205 | J33: 0.205 | K33: 0.205 | L33: 0.205 | M33: 0.205 | N33: kWh/cycle | O33: kWh/cycle | R33: =1/D33/0.0036 -> 1234.5679 | S33: =1/E33/0.0036 -> 1234.5679 | T33: =1/F33/0.0036 -> 1234.5679 | U33: =1/G33/0.0036 -> 1234.5679 | V33: =1/H33/0.0036 -> 1355.0136 | W33: =1/I33/0.0036 -> 1355.0136 | X33: =1/J33/0.0036 -> 1355.0136 | Y33: =1/K33/0.0036 -> 1355.0136 | ... AA33: =1/M33/0.0036 -> 1355.0136 | AB33: cycles/GJ | AC33: =A33&B33&C33 -> resid clothes washerselectricityclothes washer hi-eff
A34: resid dishwashers | B34: electricity | C34: dishwasher | D34: 0.7962963 | E34: 0.7962963 | F34: 0.7962963 | G34: 0.7962963 | H34: 0.7962963 | I34: 0.7962963 | J34: 0.7962963 | K34: 0.7962963 | L34: 0.7962963 | M34: 0.7962963 | N34: cycles/kWh | O34: cycle/kWh | R34: =D34/0.0036 -> 221.19342 | S34: =E34/0.0036 -> 221.19342 | T34: =F34/0.0036 -> 221.19342 | U34: =G34/0.0036 -> 221.19342 | V34: =H34/0.0036 -> 221.19342 | W34: =I34/0.0036 -> 221.19342 | X34: =J34/0.0036 -> 221.19342 | Y34: =K34/0.0036 -> 221.19342 | ... AA34: =M34/0.0036 -> 221.19342 | AB34: cycles/GJ | AC34: =A34&B34&C34 -> resid dishwasherselectricitydishwasher
A35: resid dishwashers | B35: electricity | C35: dishwasher hi-eff | D35: 0.7962963 | E35: 0.7962963 | F35: 0.7962963 | G35: 0.7962963 | H35: 0.7962963 | I35: 0.7962963 | J35: 0.7962963 | K35: 0.7962963 | L35: 0.7962963 | M35: 0.7962963 | N35: cycles/kWh | O35: cycle/kWh | R35: =D35/0.0036 -> 221.19342 | S35: =E35/0.0036 -> 221.19342 | T35: =F35/0.0036 -> 221.19342 | U35: =G35/0.0036 -> 221.19342 | V35: =H35/0.0036 -> 221.19342 | W35: =I35/0.0036 -> 221.19342 | X35: =J35/0.0036 -> 221.19342 | Y35: =K35/0.0036 -> 221.19342 | ... AA35: =M35/0.0036 -> 221.19342 | AB35: cycles/GJ | AC35: =A35&B35&C35 -> resid dishwasherselectricitydishwasher hi-eff
A36: resid televisions | B36: electricity | C36: electricity
A37: resid computers | B37: electricity | C37: electricity
A38: resid furnace fans | B38: electricity | C38: electricity
A39: resid other | B39: gas | C39: gas
A40: resid other | B40: electricity | C40: electricity
A41: resid other | B41: refined liquids | C41: refined liquids

Sheet comm_eff
A2: supplysector | B2: subsector | C2: technology | D2: 2010 | E2: 2015 | F2: 2020 | G2: 2025 | H2: 2030 | I2: 2035 | J2: 2040 | K2: 2045 | L2: 2050 | M2: 2100 | N2: Unit
A3: comm heating | B3: gas | C3: gas furnace | D3: 0.79385088 | E3: 0.79385088 | F3: 0.79385088 | G3: 0.79822594 | H3: 0.8012811 | I3: 0.8032217 | J3: 0.80408114 | K3: 0.8043809 | L3: 0.80454163 | M3: 0.80454163 | N3: out/in | O3: =A3&B3&C3 -> comm heatinggasgas furnace
A4: comm heating | B4: gas | C4: gas furnace hi-eff | D4: 0.79385088 | E4: 0.79385088 | F4: 0.79385088 | G4: 0.79822594 | H4: 0.8012811 | I4: 0.8032217 | J4: 0.80408114 | K4: 0.8043809 | L4: 0.80454163 | M4: 0.80454163 | N4: out/in | O4: =A4&B4&C4 -> comm heatinggasgas furnace hi-eff
A5: comm heating | B5: electricity | C5: electric furnace | D5: 1 | E5: 1 | F5: 1 | G5: 1 | H5: 1 | I5: 1 | J5: 1 | K5: 1 | L5: 1 | M5: 1 | N5: out/in | O5: =A5&B5&C5 -> comm heatingelectricityelectric furnace
A6: comm heating | B6: electricity | C6: electric heat pump | D6: 3.4 | E6: 3.4 | F6: 3.4 | G6: 3.4 | H6: 3.4 | I6: 3.4 | J6: 3.4 | K6: 3.4 | L6: 3.4 | M6: 3.4 | N6: out/in | O6: =A6&B6&C6 -> comm heatingelectricityelectric heat pump
A7: comm heating | B7: refined liquids | C7: fuel furnace | D7: 0.80031962 | E7: 0.80031962 | F7: 0.80031962 | G7: 0.81162043 | H7: 0.81760054 | I7: 0.82126588 | J7: 0.82367372 | K7: 0.82534508 | L7: 0.82653347 | M7: 0.82653347 | N7: out/in | O7: =A7&B7&C7 -> comm heatingrefined liquidsfuel furnace
A8: comm cooling | B8: gas | C8: gas cooling | D8: 1.2986417 | E8: 1.2986417 | F8: 1.2986417 | G8: 1.3619932 | H8: 1.4063555 | I8: 1.4353208 | J8: 1.4552504 | K8: 1.4688018 | L8: 1.4787506 | M8: 1.4787506 | N8: out/in | O8: =A8&B8&C8 -> comm coolinggasgas cooling
A9: comm cooling | B9: electricity | C9: air conditioning | D9: 3.2354303 | E9: 3.2354303 | F9: 3.2354303 | G9: 3.3208317 | H9: 3.3898202 | I9: 3.4415912 | J9: 3.4803119 | K9: 3.5094405 | L9: 3.5313973 | M9: 3.5313973 | N9: out/in | O9: =A9&B9&C9 -> comm coolingelectricityair conditioning
A10: comm cooling | B10: electricity | C10: air conditioning hi-eff | D10: 3.4 | E10: 3.4 | F10: 3.4 | G10: 3.4854015 | H10: 3.55439 | I10: 3.6061609 | J10: 3.6448816 | K10: 3.6740102 | L10: 3.6959671 | M10: 3.6959671 | N10: out/in | O10: =A10&B10&C10 -> comm coolingelectricityair conditioning hi-eff
A11: comm hot water | B11: gas | C11: gas water heater | D11: 0.89682407 | E11: 0.89682407 | F11: 0.89682407 | G11: 0.9232337 | H11: 0.93922274 | I11: 0.94867757 | J11: 0.95419122 | K11: 0.95745122 | L11: 0.95938029 | M11: 0.95938029 | N11: out/in | O11: =A11&B11&C11 -> comm hot watergasgas water heater
A12: comm hot water | B12: gas | C12: gas water heater hi-eff | D12: 0.94 | E12: 0.94 | F12: 0.94 | G12: 0.96640963 | H12: 0.98239867 | I12: 0.9918535 | J12: 0.99736715 | K12: 1.0006272 | L12: 1.0025562 | M12: 1.0025562 | N12: out/in | O12: =A12&B12&C12 -> comm hot watergasgas water heater hi-eff
A13: comm hot water | B13: electricity | C13: electric heat pump water heater | D13: 3.9 | E13: 3.9 | F13: 3.9 | G13: 3.9 | H13: 3.9 | I13: 3.9 | J13: 3.9 | K13: 3.9 | L13: 3.9 | M13: 3.9 | N13: out/in | O13: =A13&B13&C13 -> comm hot waterelectricityelectric heat pump water heater
A14: comm hot water | B14: electricity | C14: electric resistance water heater | D14: 0.97 | E14: 0.97 | F14: 0.97 | G14: 0.97 | H14: 0.97 | I14: 0.97 | J14: 0.97 | K14: 0.97 | L14: 0.97 | M14: 0.97 | N14: out/in | O14: =A14&B14&C14 -> comm hot waterelectricityelectric resistance water heater
... A17: comm refrigeration | B17: electricity | C17: refrigeration hi-eff | D17: 3.4 | E17: 3.4 | F17: 3.4 | G17: 3.4456021 | H17: 3.5056307 | I17: 3.6182944 | J17: 3.6777255 | K17: 3.7092083 | L17: 3.725622 | M17: 3.725622 | N17: out/in | O17: =A17&B17&C17 -> comm refrigerationelectricityrefrigeration hi-eff
A18: comm cooking | B18: gas | C18: gas range | D18: 0.32 | E18: 0.32 | F18: 0.32 | G18: 0.32 | H18: 0.32 | I18: 0.32 | J18: 0.32 | K18: 0.32 | L18: 0.32 | M18: 0.32 | N18: out/in | O18: =A18&B18&C18 -> comm cookinggasgas range | T18: =1/M18 -> 3.125 | U18: 0.05 | V18: =1/SUMPRODUCT(T18:T19,U18:U19) -> 0.32
A19: comm cooking | B19: gas | C19: gas range hi-eff | D19: 0.32 | E19: 0.32 | F19: 0.32 | G19: 0.32 | H19: 0.32 | I19: 0.32 | J19: 0.32 | K19: 0.32 | L19: 0.32 | M19: 0.32 | N19: out/in | O19: =A19&B19&C19 -> comm cookinggasgas range hi-eff | T19: =1/M19 -> 3.125 | U19: =1-U18 -> 0.95
A20: comm cooking | B20: electricity | C20: electric range | D20: 0.69077982 | E20: 0.69077982 | F20: 0.69077982 | G20: 0.69431654 | H20: 0.69651798 | I20: 0.69786626 | J20: 0.69868438 | K20: 0.69919014 | L20: 0.69950193 | M20: 0.69950193 | N20: out/in | O20: =A20&B20&C20 -> comm cookingelectricityelectric range
A21: comm cooking | B21: electricity | C21: electric range hi-eff | D21: 0.69077982 | E21: 0.69077982 | F21: 0.69077982 | G21: 0.69431654 | H21: 0.69651798 | I21: 0.69786626 | J21: 0.69868438 | K21: 0.69919014 | L21: 0.69950193 | M21: 0.69950193 | N21: out/in | O21: =A21&B21&C21 -> comm cookingelectricityelectric range hi-eff
A22: comm lighting | B22: electricity | C22: incandescent | D22: =D29*1000/1000000/0.0036 -> 11.555556 | E22: =E29*1000/1000000/0.0036 -> 11.555556 | F22: =F29*1000/1000000/0.0036 -> 11.555556 | G22: =G29*1000/1000000/0.0036 -> 11.555556 | H22: =H29*1000/1000000/0.0036 -> 11.555556 | I22: =I29*1000/1000000/0.0036 -> 11.555556 | J22: =J29*1000/1000000/0.0036 -> 11.555556 | K22: =K29*1000/1000000/0.0036 -> 11.555556 | ... M22: =M29*1000/1000000/0.0036 -> 11.555556 | N22: mil lumen-hours/GJ | O22: =A22&B22&C22 -> comm lightingelectricityincandescent
A23: comm lighting | B23: electricity | C23: fluorescent | D23: =D30*1000/1000000/0.0036 -> 24.888889 | E23: =E30*1000/1000000/0.0036 -> 24.888889 | F23: =F30*1000/1000000/0.0036 -> 24.888889 | G23: =G30*1000/1000000/0.0036 -> 24.888889 | H23: =H30*1000/1000000/0.0036 -> 24.888889 | I23: =I30*1000/1000000/0.0036 -> 24.888889 | J23: =J30*1000/1000000/0.0036 -> 24.888889 | K23: =K30*1000/1000000/0.0036 -> 24.888889 | ... M23: =M30*1000/1000000/0.0036 -> 24.888889 | N23: mil lumen-hours/GJ | O23: =A23&B23&C23 -> comm lightingelectricityfluorescent
A24: comm lighting | B24: electricity | C24: solid state | D24: =D31*1000/1000000/0.0036 -> 40.693127 | E24: =E31*1000/1000000/0.0036 -> 40.693127 | F24: =F31*1000/1000000/0.0036 -> 40.693127 | G24: =G31*1000/1000000/0.0036 -> 43.716368 | H24: =H31*1000/1000000/0.0036 -> 47.128259 | I24: =I31*1000/1000000/0.0036 -> 55.066901 | J24: =J31*1000/1000000/0.0036 -> 58.468307 | K24: =K31*1000/1000000/0.0036 -> 61.16708 | ... M24: =M31*1000/1000000/0.0036 -> 62.483106 | N24: mil lumen-hours/GJ | O24: =A24&B24&C24 -> comm lightingelectricitysolid state
A25: comm ventilation | B25: electricity | C25: ventilation | D25: =D32*60*0.02831*1000000/1.0551/1000000 -> 0.96304179 | E25: =E32*60*0.02831*1000000/1.0551/1000000 -> 0.96304179 | F25: =F32*60*0.02831*1000000/1.0551/1000000 -> 0.96304179 | G25: =G32*60*0.02831*1000000/1.0551/1000000 -> 1.1507461 | H25: =H32*60*0.02831*1000000/1.0551/1000000 -> 1.5005154 | I25: =I32*60*0.02831*1000000/1.0551/1000000 -> 1.7534077 | J25: =J32*60*0.02831*1000000/1.0551/1000000 -> 1.9374432 | K25: =K32*60*0.02831*1000000/1.0551/1000000 -> 2.1175775 | ... M25: =M32*60*0.02831*1000000/1.0551/1000000 -> 2.2415897 | N25: million m3/GJ | O25: =A25&B25&C25 -> comm ventilationelectricityventilation
A26: comm ventilation | B26: electricity | C26: ventilation hi-eff | D26: =D33*60*0.02831*1000000/1.0551/1000000 -> 1.1321749 | E26: =E33*60*0.02831*1000000/1.0551/1000000 -> 1.1321749 | F26: =F33*60*0.02831*1000000/1.0551/1000000 -> 1.1321749 | G26: =G33*60*0.02831*1000000/1.0551/1000000 -> 1.3198792 | H26: =H33*60*0.02831*1000000/1.0551/1000000 -> 1.6696485 | I26: =I33*60*0.02831*1000000/1.0551/1000000 -> 1.9225407 | J26: =J33*60*0.02831*1000000/1.0551/1000000 -> 2.1065762 | K26: =K33*60*0.02831*1000000/1.0551/1000000 -> 2.2867106 | ... M26: =M33*60*0.02831*1000000/1.0551/1000000 -> 2.4107228 | N26: million m3/GJ | O26: =A26&B26&C26 -> comm ventilationelectricityventilation hi-eff
A28: values that need to be converted
A29: comm lighting | B29: electricity | C29: incandescent | D29: 41.6 | E29: 41.6 | F29: 41.6 | G29: 41.6 | H29: 41.6 | I29: 41.6 | J29: 41.6 | K29: 41.6 | L29: 41.6 | M29: 41.6 | N29: lumens/W | P29: =1/M29 -> 0.024038462 | Q29: 0.01 | R29: =1/SUMPRODUCT(P29:P31,Q29:Q31) -> 206.48246
A30: comm lighting | B30: electricity | C30: fluorescent | D30: 89.6 | E30: 89.6 | F30: 89.6 | G30: 89.6 | H30: 89.6 | I30: 89.6 | J30: 89.6 | K30: 89.6 | L30: 89.6 | M30: 89.6 | N30: lumens/W | P30: =1/M30 -> 0.011160714 | Q30: 0.03
A31: comm lighting | B31: electricity | C31: solid state | D31: 146.49526 | E31: 146.49526 | F31: 146.49526 | G31: 157.37893 | H31: 169.66173 | I31: 198.24084 | J31: 210.4859 | K31: 220.20149 | L31: 224.93918 | M31: 224.93918 | N31: lumens/W | P31: =1/M31 -> 0.0044456461 | Q31: =1-SUM(Q29:Q30) -> 0.96
A32: comm ventilation | B32: electricity | C32: ventilation | D32: 0.59820169 | E32: 0.59820169 | F32: 0.59820169 | G32: 0.71479584 | H32: 0.93205803 | I32: 1.0891443 | J32: 1.2034595 | K32: 1.3153515 | L32: 1.3923827 | M32: 1.3923827 | N32: cfm-hours/btu
A33: comm ventilation | B33: electricity | C33: ventilation hi-eff | D33: 0.70326016 | E33: 0.70326016 | F33: 0.70326016 | G33: 0.81985431 | H33: 1.0371165 | I33: 1.1942027 | J33: 1.308518 | K33: 1.42041 | L33: 1.4974412 | M33: 1.4974412 | N33: cfm-hours/btu

Sheet A44.globaltech_cost.csv
A1: # Building sector technology costs
A2: supplysector | B2: subsector | C2: technology | D2: 1971 | E2: 2010 | F2: 2015 | G2: 2020 | H2: 2025 | I2: 2030 | J2: 2035 | K2: 2040 | L2: 2045 | M2: 2050 | N2: 2100
A3: resid heating | B3: biomass | C3: wood furnace | D3: =E3 -> 1.355 | E3: 1.355 | F3: 1.335 | G3: 1.315 | H3: 1.315 | I3: 1.315 | J3: 1.295 | K3: 1.276 | L3: =K3 -> 1.276 | M3: =L3 -> 1.276 | N3: 1.238
A4: resid heating | B4: coal | C4: coal furnace | D4: =E4 -> 1.355 | E4: 1.355 | F4: 1.335 | G4: 1.315 | H4: 1.315 | I4: 1.315 | J4: 1.295 | K4: 1.276 | L4: =K4 -> 1.276 | M4: =L4 -> 1.276 | N4: 1.238
A5: resid heating | B5: gas | C5: gas furnace | D5: =E5 -> 2.6710809 | E5: =INDEX(res_cost!$T$3:$AC$35,MATCH($A5&$B5&$C5,res_cost!$AE$3:$AE$35,0),MATCH(E$2,res_cost!$T$2:$AC$2,0)) -> 2.6710809 | F5: =INDEX(res_cost!$T$3:$AC$35,MATCH($A5&$B5&$C5,res_cost!$AE$3:$AE$35,0),MATCH(F$2,res_cost!$T$2:$AC$2,0)) -> 2.6710809 | G5: =INDEX(res_cost!$T$3:$AC$35,MATCH($A5&$B5&$C5,res_cost!$AE$3:$AE$35,0),MATCH(G$2,res_cost!$T$2:$AC$2,0)) -> 2.6710809 | H5: =INDEX(res_cost!$T$3:$AC$35,MATCH($A5&$B5&$C5,res_cost!$AE$3:$AE$35,0),MATCH(H$2,res_cost!$T$2:$AC$2,0)) -> 2.6710809 | I5: =INDEX(res_cost!$T$3:$AC$35,MATCH($A5&$B5&$C5,res_cost!$AE$3:$AE$35,0),MATCH(I$2,res_cost!$T$2:$AC$2,0)) -> 2.6710809 | J5: =INDEX(res_cost!$T$3:$AC$35,MATCH($A5&$B5&$C5,res_cost!$AE$3:$AE$35,0),MATCH(J$2,res_cost!$T$2:$AC$2,0)) -> 2.6710809 | K5: =INDEX(res_cost!$T$3:$AC$35,MATCH($A5&$B5&$C5,res_cost!$AE$3:$AE$35,0),MATCH(K$2,res_cost!$T$2:$AC$2,0)) -> 2.6710809 | L5: =INDEX(res_cost!$T$3:$AC$35,MATCH($A5&$B5&$C5,res_cost!$AE$3:$AE$35,0),MATCH(L$2,res_cost!$T$2:$AC$2,0)) -> 2.6710809 | ... N5: =INDEX(res_cost!$T$3:$AC$35,MATCH($A5&$B5&$C5,res_cost!$AE$3:$AE$35,0),MATCH(N$2,res_cost!$T$2:$AC$2,0)) -> 2.6710809
A6: resid heating | B6: gas | C6: gas furnace hi-eff | D6: =E6 -> 2.8534378 | E6: =INDEX(res_cost!$T$3:$AC$35,MATCH($A6&$B6&$C6,res_cost!$AE$3:$AE$35,0),MATCH(E$2,res_cost!$T$2:$AC$2,0)) -> 2.8534378 | F6: =INDEX(res_cost!$T$3:$AC$35,MATCH($A6&$B6&$C6,res_cost!$AE$3:$AE$35,0),MATCH(F$2,res_cost!$T$2:$AC$2,0)) -> 2.8534378 | G6: =INDEX(res_cost!$T$3:$AC$35,MATCH($A6&$B6&$C6,res_cost!$AE$3:$AE$35,0),MATCH(G$2,res_cost!$T$2:$AC$2,0)) -> 2.8534378 | H6: =INDEX(res_cost!$T$3:$AC$35,MATCH($A6&$B6&$C6,res_cost!$AE$3:$AE$35,0),MATCH(H$2,res_cost!$T$2:$AC$2,0)) -> 2.8534378 | I6: =INDEX(res_cost!$T$3:$AC$35,MATCH($A6&$B6&$C6,res_cost!$AE$3:$AE$35,0),MATCH(I$2,res_cost!$T$2:$AC$2,0)) -> 2.8534378 | J6: =INDEX(res_cost!$T$3:$AC$35,MATCH($A6&$B6&$C6,res_cost!$AE$3:$AE$35,0),MATCH(J$2,res_cost!$T$2:$AC$2,0)) -> 2.8534378 | K6: =INDEX(res_cost!$T$3:$AC$35,MATCH($A6&$B6&$C6,res_cost!$AE$3:$AE$35,0),MATCH(K$2,res_cost!$T$2:$AC$2,0)) -> 2.8534378 | L6: =INDEX(res_cost!$T$3:$AC$35,MATCH($A6&$B6&$C6,res_cost!$AE$3:$AE$35,0),MATCH(L$2,res_cost!$T$2:$AC$2,0)) -> 2.8534378 | ... N6: =INDEX(res_cost!$T$3:$AC$35,MATCH($A6&$B6&$C6,res_cost!$AE$3:$AE$35,0),MATCH(N$2,res_cost!$T$2:$AC$2,0)) -> 2.8534378
A7: resid heating | B7: electricity | C7: electric furnace | D7: =E7 -> 1.1764549 | E7: =INDEX(res_cost!$T$3:$AC$35,MATCH($A7&$B7&$C7,res_cost!$AE$3:$AE$35,0),MATCH(E$2,res_cost!$T$2:$AC$2,0)) -> 1.1764549 | F7: =INDEX(res_cost!$T$3:$AC$35,MATCH($A7&$B7&$C7,res_cost!$AE$3:$AE$35,0),MATCH(F$2,res_cost!$T$2:$AC$2,0)) -> 1.1764549 | G7: =INDEX(res_cost!$T$3:$AC$35,MATCH($A7&$B7&$C7,res_cost!$AE$3:$AE$35,0),MATCH(G$2,res_cost!$T$2:$AC$2,0)) -> 1.1764549 | H7: =INDEX(res_cost!$T$3:$AC$35,MATCH($A7&$B7&$C7,res_cost!$AE$3:$AE$35,0),MATCH(H$2,res_cost!$T$2:$AC$2,0)) -> 1.1764549 | I7: =INDEX(res_cost!$T$3:$AC$35,MATCH($A7&$B7&$C7,res_cost!$AE$3:$AE$35,0),MATCH(I$2,res_cost!$T$2:$AC$2,0)) -> 1.1764549 | J7: =INDEX(res_cost!$T$3:$AC$35,MATCH($A7&$B7&$C7,res_cost!$AE$3:$AE$35,0),MATCH(J$2,res_cost!$T$2:$AC$2,0)) -> 1.1764549 | K7: =INDEX(res_cost!$T$3:$AC$35,MATCH($A7&$B7&$C7,res_cost!$AE$3:$AE$35,0),MATCH(K$2,res_cost!$T$2:$AC$2,0)) -> 1.1764549 | L7: =INDEX(res_cost!$T$3:$AC$35,MATCH($A7&$B7&$C7,res_cost!$AE$3:$AE$35,0),MATCH(L$2,res_cost!$T$2:$AC$2,0)) -> 1.1764549 | ... N7: =INDEX(res_cost!$T$3:$AC$35,MATCH($A7&$B7&$C7,res_cost!$AE$3:$AE$35,0),MATCH(N$2,res_cost!$T$2:$AC$2,0)) -> 1.1764549
A8: resid heating | B8: electricity | C8: electric heat pump | D8: =E8 -> 6.5239769 | E8: =INDEX(res_cost!$T$3:$AC$35,MATCH($A8&$B8&$C8,res_cost!$AE$3:$AE$35,0),MATCH(E$2,res_cost!$T$2:$AC$2,0)) -> 6.5239769 | F8: =INDEX(res_cost!$T$3:$AC$35,MATCH($A8&$B8&$C8,res_cost!$AE$3:$AE$35,0),MATCH(F$2,res_cost!$T$2:$AC$2,0)) -> 6.5239769 | G8: =INDEX(res_cost!$T$3:$AC$35,MATCH($A8&$B8&$C8,res_cost!$AE$3:$AE$35,0),MATCH(G$2,res_cost!$T$2:$AC$2,0)) -> 6.5239769 | H8: =INDEX(res_cost!$T$3:$AC$35,MATCH($A8&$B8&$C8,res_cost!$AE$3:$AE$35,0),MATCH(H$2,res_cost!$T$2:$AC$2,0)) -> 6.5239769 | I8: =INDEX(res_cost!$T$3:$AC$35,MATCH($A8&$B8&$C8,res_cost!$AE$3:$AE$35,0),MATCH(I$2,res_cost!$T$2:$AC$2,0)) -> 6.5239769 | J8: =INDEX(res_cost!$T$3:$AC$35,MATCH($A8&$B8&$C8,res_cost!$AE$3:$AE$35,0),MATCH(J$2,res_cost!$T$2:$AC$2,0)) -> 6.5239769 | K8: =INDEX(res_cost!$T$3:$AC$35,MATCH($A8&$B8&$C8,res_cost!$AE$3:$AE$35,0),MATCH(K$2,res_cost!$T$2:$AC$2,0)) -> 6.5239769 | L8: =INDEX(res_cost!$T$3:$AC$35,MATCH($A8&$B8&$C8,res_cost!$AE$3:$AE$35,0),MATCH(L$2,res_cost!$T$2:$AC$2,0)) -> 6.5239769 | ... N8: =INDEX(res_cost!$T$3:$AC$35,MATCH($A8&$B8&$C8,res_cost!$AE$3:$AE$35,0),MATCH(N$2,res_cost!$T$2:$AC$2,0)) -> 6.5239769
A9: resid heating | B9: refined liquids | C9: fuel furnace | D9: =E9 -> 4.5186561 | E9: =INDEX(res_cost!$T$3:$AC$35,MATCH($A9&$B9&$C9,res_cost!$AE$3:$AE$35,0),MATCH(E$2,res_cost!$T$2:$AC$2,0)) -> 4.5186561 | F9: =INDEX(res_cost!$T$3:$AC$35,MATCH($A9&$B9&$C9,res_cost!$AE$3:$AE$35,0),MATCH(F$2,res_cost!$T$2:$AC$2,0)) -> 4.5186561 | G9: =INDEX(res_cost!$T$3:$AC$35,MATCH($A9&$B9&$C9,res_cost!$AE$3:$AE$35,0),MATCH(G$2,res_cost!$T$2:$AC$2,0)) -> 4.5186561 | H9: =INDEX(res_cost!$T$3:$AC$35,MATCH($A9&$B9&$C9,res_cost!$AE$3:$AE$35,0),MATCH(H$2,res_cost!$T$2:$AC$2,0)) -> 4.5186561 | I9: =INDEX(res_cost!$T$3:$AC$35,MATCH($A9&$B9&$C9,res_cost!$AE$3:$AE$35,0),MATCH(I$2,res_cost!$T$2:$AC$2,0)) -> 4.5186561 | J9: =INDEX(res_cost!$T$3:$AC$35,MATCH($A9&$B9&$C9,res_cost!$AE$3:$AE$35,0),MATCH(J$2,res_cost!$T$2:$AC$2,0)) -> 4.5186561 | K9: =INDEX(res_cost!$T$3:$AC$35,MATCH($A9&$B9&$C9,res_cost!$AE$3:$AE$35,0),MATCH(K$2,res_cost!$T$2:$AC$2,0)) -> 4.5186561 | L9: =INDEX(res_cost!$T$3:$AC$35,MATCH($A9&$B9&$C9,res_cost!$AE$3:$AE$35,0),MATCH(L$2,res_cost!$T$2:$AC$2,0)) -> 4.5186561 | ... N9: =INDEX(res_cost!$T$3:$AC$35,MATCH($A9&$B9&$C9,res_cost!$AE$3:$AE$35,0),MATCH(N$2,res_cost!$T$2:$AC$2,0)) -> 4.5186561
A10: resid heating | B10: refined liquids | C10: fuel furnace hi-eff | D10: =E10 -> 4.6523442 | E10: =INDEX(res_cost!$T$3:$AC$35,MATCH($A10&$B10&$C10,res_cost!$AE$3:$AE$35,0),MATCH(E$2,res_cost!$T$2:$AC$2,0)) -> 4.6523442 | F10: =INDEX(res_cost!$T$3:$AC$35,MATCH($A10&$B10&$C10,res_cost!$AE$3:$AE$35,0),MATCH(F$2,res_cost!$T$2:$AC$2,0)) -> 4.6523442 | G10: =INDEX(res_cost!$T$3:$AC$35,MATCH($A10&$B10&$C10,res_cost!$AE$3:$AE$35,0),MATCH(G$2,res_cost!$T$2:$AC$2,0)) -> 4.6523442 | H10: =INDEX(res_cost!$T$3:$AC$35,MATCH($A10&$B10&$C10,res_cost!$AE$3:$AE$35,0),MATCH(H$2,res_cost!$T$2:$AC$2,0)) -> 4.6523442 | I10: =INDEX(res_cost!$T$3:$AC$35,MATCH($A10&$B10&$C10,res_cost!$AE$3:$AE$35,0),MATCH(I$2,res_cost!$T$2:$AC$2,0)) -> 4.6523442 | J10: =INDEX(res_cost!$T$3:$AC$35,MATCH($A10&$B10&$C10,res_cost!$AE$3:$AE$35,0),MATCH(J$2,res_cost!$T$2:$AC$2,0)) -> 4.6523442 | K10: =INDEX(res_cost!$T$3:$AC$35,MATCH($A10&$B10&$C10,res_cost!$AE$3:$AE$35,0),MATCH(K$2,res_cost!$T$2:$AC$2,0)) -> 4.6523442 | L10: =INDEX(res_cost!$T$3:$AC$35,MATCH($A10&$B10&$C10,res_cost!$AE$3:$AE$35,0),MATCH(L$2,res_cost!$T$2:$AC$2,0)) -> 4.6523442 | ... N10: =INDEX(res_cost!$T$3:$AC$35,MATCH($A10&$B10&$C10,res_cost!$AE$3:$AE$35,0),MATCH(N$2,res_cost!$T$2:$AC$2,0)) -> 4.6523442
A11: resid cooling | B11: electricity | C11: air conditioning | D11: =E11 -> 8.7007914 | E11: =INDEX(res_cost!$T$3:$AC$35,MATCH($A11&$B11&$C11,res_cost!$AE$3:$AE$35,0),MATCH(E$2,res_cost!$T$2:$AC$2,0)) -> 8.7007914 | F11: =INDEX(res_cost!$T$3:$AC$35,MATCH($A11&$B11&$C11,res_cost!$AE$3:$AE$35,0),MATCH(F$2,res_cost!$T$2:$AC$2,0)) -> 8.7007914 | G11: =INDEX(res_cost!$T$3:$AC$35,MATCH($A11&$B11&$C11,res_cost!$AE$3:$AE$35,0),MATCH(G$2,res_cost!$T$2:$AC$2,0)) -> 8.7007914 | H11: =INDEX(res_cost!$T$3:$AC$35,MATCH($A11&$B11&$C11,res_cost!$AE$3:$AE$35,0),MATCH(H$2,res_cost!$T$2:$AC$2,0)) -> 9.3200562 | I11: =INDEX(res_cost!$T$3:$AC$35,MATCH($A11&$B11&$C11,res_cost!$AE$3:$AE$35,0),MATCH(I$2,res_cost!$T$2:$AC$2,0)) -> 9.3200562 | J11: =INDEX(res_cost!$T$3:$AC$35,MATCH($A11&$B11&$C11,res_cost!$AE$3:$AE$35,0),MATCH(J$2,res_cost!$T$2:$AC$2,0)) -> 9.3200562 | K11: =INDEX(res_cost!$T$3:$AC$35,MATCH($A11&$B11&$C11,res_cost!$AE$3:$AE$35,0),MATCH(K$2,res_cost!$T$2:$AC$2,0)) -> 9.3200562 | L11: =INDEX(res_cost!$T$3:$AC$35,MATCH($A11&$B11&$C11,res_cost!$AE$3:$AE$35,0),MATCH(L$2,res_cost!$T$2:$AC$2,0)) -> 9.3200562 | ... N11: =INDEX(res_cost!$T$3:$AC$35,MATCH($A11&$B11&$C11,res_cost!$AE$3:$AE$35,0),MATCH(N$2,res_cost!$T$2:$AC$2,0)) -> 9.3200562
A12: resid cooling | B12: electricity | C12: air conditioning hi-eff | D12: =E12 -> 14.421423 | E12: =INDEX(res_cost!$T$3:$AC$35,MATCH($A12&$B12&$C12,res_cost!$AE$3:$AE$35,0),MATCH(E$2,res_cost!$T$2:$AC$2,0)) -> 14.421423 | F12: =INDEX(res_cost!$T$3:$AC$35,MATCH($A12&$B12&$C12,res_cost!$AE$3:$AE$35,0),MATCH(F$2,res_cost!$T$2:$AC$2,0)) -> 14.421423 | G12: =INDEX(res_cost!$T$3:$AC$35,MATCH($A12&$B12&$C12,res_cost!$AE$3:$AE$35,0),MATCH(G$2,res_cost!$T$2:$AC$2,0)) -> 14.421423 | H12: =INDEX(res_cost!$T$3:$AC$35,MATCH($A12&$B12&$C12,res_cost!$AE$3:$AE$35,0),MATCH(H$2,res_cost!$T$2:$AC$2,0)) -> 15.040687 | I12: =INDEX(res_cost!$T$3:$AC$35,MATCH($A12&$B12&$C12,res_cost!$AE$3:$AE$35,0),MATCH(I$2,res_cost!$T$2:$AC$2,0)) -> 15.040687 | J12: =INDEX(res_cost!$T$3:$AC$35,MATCH($A12&$B12&$C12,res_cost!$AE$3:$AE$35,0),MATCH(J$2,res_cost!$T$2:$AC$2,0)) -> 15.040687 | K12: =INDEX(res_cost!$T$3:$AC$35,MATCH($A12&$B12&$C12,res_cost!$AE$3:$AE$35,0),MATCH(K$2,res_cost!$T$2:$AC$2,0)) -> 15.040687 | L12: =INDEX(res_cost!$T$3:$AC$35,MATCH($A12&$B12&$C12,res_cost!$AE$3:$AE$35,0),MATCH(L$2,res_cost!$T$2:$AC$2,0)) -> 15.040687 | ... N12: =INDEX(res_cost!$T$3:$AC$35,MATCH($A12&$B12&$C12,res_cost!$AE$3:$AE$35,0),MATCH(N$2,res_cost!$T$2:$AC$2,0)) -> 15.040687
A13: resid hot water | B13: gas | C13: gas water heater | D13: =E13 -> 17.081995 | E13: =INDEX(res_cost!$T$3:$AC$35,MATCH($A13&$B13&$C13,res_cost!$AE$3:$AE$35,0),MATCH(E$2,res_cost!$T$2:$AC$2,0)) -> 17.081995 | F13: =INDEX(res_cost!$T$3:$AC$35,MATCH($A13&$B13&$C13,res_cost!$AE$3:$AE$35,0),MATCH(F$2,res_cost!$T$2:$AC$2,0)) -> 17.081995 | G13: =INDEX(res_cost!$T$3:$AC$35,MATCH($A13&$B13&$C13,res_cost!$AE$3:$AE$35,0),MATCH(G$2,res_cost!$T$2:$AC$2,0)) -> 17.081995 | H13: =INDEX(res_cost!$T$3:$AC$35,MATCH($A13&$B13&$C13,res_cost!$AE$3:$AE$35,0),MATCH(H$2,res_cost!$T$2:$AC$2,0)) -> 17.081995 | I13: =INDEX(res_cost!$T$3:$AC$35,MATCH($A13&$B13&$C13,res_cost!$AE$3:$AE$35,0),MATCH(I$2,res_cost!$T$2:$AC$2,0)) -> 17.081995 | J13: =INDEX(res_cost!$T$3:$AC$35,MATCH($A13&$B13&$C13,res_cost!$AE$3:$AE$35,0),MATCH(J$2,res_cost!$T$2:$AC$2,0)) -> 17.081995 | K13: =INDEX(res_cost!$T$3:$AC$35,MATCH($A13&$B13&$C13,res_cost!$AE$3:$AE$35,0),MATCH(K$2,res_cost!$T$2:$AC$2,0)) -> 17.081995 | L13: =INDEX(res_cost!$T$3:$AC$35,MATCH($A13&$B13&$C13,res_cost!$AE$3:$AE$35,0),MATCH(L$2,res_cost!$T$2:$AC$2,0)) -> 17.081995 | ... N13: =INDEX(res_cost!$T$3:$AC$35,MATCH($A13&$B13&$C13,res_cost!$AE$3:$AE$35,0),MATCH(N$2,res_cost!$T$2:$AC$2,0)) -> 17.081995
A14: resid hot water | B14: gas | C14: gas water heater hi-eff | D14: =E14 -> 17.969371 | E14: =INDEX(res_cost!$T$3:$AC$35,MATCH($A14&$B14&$C14,res_cost!$AE$3:$AE$35,0),MATCH(E$2,res_cost!$T$2:$AC$2,0)) -> 17.969371 | F14: =INDEX(res_cost!$T$3:$AC$35,MATCH($A14&$B14&$C14,res_cost!$AE$3:$AE$35,0),MATCH(F$2,res_cost!$T$2:$AC$2,0)) -> 17.969371 | G14: =INDEX(res_cost!$T$3:$AC$35,MATCH($A14&$B14&$C14,res_cost!$AE$3:$AE$35,0),MATCH(G$2,res_cost!$T$2:$AC$2,0)) -> 17.969371 | H14: =INDEX(res_cost!$T$3:$AC$35,MATCH($A14&$B14&$C14,res_cost!$AE$3:$AE$35,0),MATCH(H$2,res_cost!$T$2:$AC$2,0)) -> 17.969371 | I14: =INDEX(res_cost!$T$3:$AC$35,MATCH($A14&$B14&$C14,res_cost!$AE$3:$AE$35,0),MATCH(I$2,res_cost!$T$2:$AC$2,0)) -> 17.969371 | J14: =INDEX(res_cost!$T$3:$AC$35,MATCH($A14&$B14&$C14,res_cost!$AE$3:$AE$35,0),MATCH(J$2,res_cost!$T$2:$AC$2,0)) -> 17.969371 | K14: =INDEX(res_cost!$T$3:$AC$35,MATCH($A14&$B14&$C14,res_cost!$AE$3:$AE$35,0),MATCH(K$2,res_cost!$T$2:$AC$2,0)) -> 17.969371 | L14: =INDEX(res_cost!$T$3:$AC$35,MATCH($A14&$B14&$C14,res_cost!$AE$3:$AE$35,0),MATCH(L$2,res_cost!$T$2:$AC$2,0)) -> 17.969371 | ... N14: =INDEX(res_cost!$T$3:$AC$35,MATCH($A14&$B14&$C14,res_cost!$AE$3:$AE$35,0),MATCH(N$2,res_cost!$T$2:$AC$2,0)) -> 17.969371
A15: resid hot water | B15: electricity | C15: electric resistance water heater | D15: =E15 -> 6.8307549 | E15: =INDEX(res_cost!$T$3:$AC$35,MATCH($A15&$B15&$C15,res_cost!$AE$3:$AE$35,0),MATCH(E$2,res_cost!$T$2:$AC$2,0)) -> 6.8307549 | F15: =INDEX(res_cost!$T$3:$AC$35,MATCH($A15&$B15&$C15,res_cost!$AE$3:$AE$35,0),MATCH(F$2,res_cost!$T$2:$AC$2,0)) -> 6.8307549 | G15: =INDEX(res_cost!$T$3:$AC$35,MATCH($A15&$B15&$C15,res_cost!$AE$3:$AE$35,0),MATCH(G$2,res_cost!$T$2:$AC$2,0)) -> 6.8307549 | H15: =INDEX(res_cost!$T$3:$AC$35,MATCH($A15&$B15&$C15,res_cost!$AE$3:$AE$35,0),MATCH(H$2,res_cost!$T$2:$AC$2,0)) -> 6.8307549 | I15: =INDEX(res_cost!$T$3:$AC$35,MATCH($A15&$B15&$C15,res_cost!$AE$3:$AE$35,0),MATCH(I$2,res_cost!$T$2:$AC$2,0)) -> 6.8307549 | J15: =INDEX(res_cost!$T$3:$AC$35,MATCH($A15&$B15&$C15,res_cost!$AE$3:$AE$35,0),MATCH(J$2,res_cost!$T$2:$AC$2,0)) -> 6.8307549 | K15: =INDEX(res_cost!$T$3:$AC$35,MATCH($A15&$B15&$C15,res_cost!$AE$3:$AE$35,0),MATCH(K$2,res_cost!$T$2:$AC$2,0)) -> 6.8307549 | L15: =INDEX(res_cost!$T$3:$AC$35,MATCH($A15&$B15&$C15,res_cost!$AE$3:$AE$35,0),MATCH(L$2,res_cost!$T$2:$AC$2,0)) -> 6.8307549 | ... N15: =INDEX(res_cost!$T$3:$AC$35,MATCH($A15&$B15&$C15,res_cost!$AE$3:$AE$35,0),MATCH(N$2,res_cost!$T$2:$AC$2,0)) -> 6.8307549
A16: resid hot water | B16: electricity | C16: electric resistance water heater hi-eff | D16: =E16 -> 16.675078 | E16: =INDEX(res_cost!$T$3:$AC$35,MATCH($A16&$B16&$C16,res_cost!$AE$3:$AE$35,0),MATCH(E$2,res_cost!$T$2:$AC$2,0)) -> 16.675078 | F16: =INDEX(res_cost!$T$3:$AC$35,MATCH($A16&$B16&$C16,res_cost!$AE$3:$AE$35,0),MATCH(F$2,res_cost!$T$2:$AC$2,0)) -> 16.675078 | G16: =INDEX(res_cost!$T$3:$AC$35,MATCH($A16&$B16&$C16,res_cost!$AE$3:$AE$35,0),MATCH(G$2,res_cost!$T$2:$AC$2,0)) -> 16.675078 | H16: =INDEX(res_cost!$T$3:$AC$35,MATCH($A16&$B16&$C16,res_cost!$AE$3:$AE$35,0),MATCH(H$2,res_cost!$T$2:$AC$2,0)) -> 16.675078 | I16: =INDEX(res_cost!$T$3:$AC$35,MATCH($A16&$B16&$C16,res_cost!$AE$3:$AE$35,0),MATCH(I$2,res_cost!$T$2:$AC$2,0)) -> 16.675078 | J16: =INDEX(res_cost!$T$3:$AC$35,MATCH($A16&$B16&$C16,res_cost!$AE$3:$AE$35,0),MATCH(J$2,res_cost!$T$2:$AC$2,0)) -> 16.675078 | K16: =INDEX(res_cost!$T$3:$AC$35,MATCH($A16&$B16&$C16,res_cost!$AE$3:$AE$35,0),MATCH(K$2,res_cost!$T$2:$AC$2,0)) -> 16.675078 | L16: =INDEX(res_cost!$T$3:$AC$35,MATCH($A16&$B16&$C16,res_cost!$AE$3:$AE$35,0),MATCH(L$2,res_cost!$T$2:$AC$2,0)) -> 16.675078 | ... N16: =INDEX(res_cost!$T$3:$AC$35,MATCH($A16&$B16&$C16,res_cost!$AE$3:$AE$35,0),MATCH(N$2,res_cost!$T$2:$AC$2,0)) -> 16.675078
... A31: resid cooking | B31: gas | C31: gas oven hi-eff | D31: =E31 -> 20.698529 | E31: =INDEX(res_cost!$T$3:$AC$35,MATCH($A31&$B31&$C31,res_cost!$AE$3:$AE$35,0),MATCH(E$2,res_cost!$T$2:$AC$2,0)) -> 20.698529 | F31: =INDEX(res_cost!$T$3:$AC$35,MATCH($A31&$B31&$C31,res_cost!$AE$3:$AE$35,0),MATCH(F$2,res_cost!$T$2:$AC$2,0)) -> 20.698529 | G31: =INDEX(res_cost!$T$3:$AC$35,MATCH($A31&$B31&$C31,res_cost!$AE$3:$AE$35,0),MATCH(G$2,res_cost!$T$2:$AC$2,0)) -> 20.698529 | H31: =INDEX(res_cost!$T$3:$AC$35,MATCH($A31&$B31&$C31,res_cost!$AE$3:$AE$35,0),MATCH(H$2,res_cost!$T$2:$AC$2,0)) -> 20.698529 | I31: =INDEX(res_cost!$T$3:$AC$35,MATCH($A31&$B31&$C31,res_cost!$AE$3:$AE$35,0),MATCH(I$2,res_cost!$T$2:$AC$2,0)) -> 20.698529 | J31: =INDEX(res_cost!$T$3:$AC$35,MATCH($A31&$B31&$C31,res_cost!$AE$3:$AE$35,0),MATCH(J$2,res_cost!$T$2:$AC$2,0)) -> 20.698529 | K31: =INDEX(res_cost!$T$3:$AC$35,MATCH($A31&$B31&$C31,res_cost!$AE$3:$AE$35,0),MATCH(K$2,res_cost!$T$2:$AC$2,0)) -> 20.698529 | L31: =INDEX(res_cost!$T$3:$AC$35,MATCH($A31&$B31&$C31,res_cost!$AE$3:$AE$35,0),MATCH(L$2,res_cost!$T$2:$AC$2,0)) -> 20.698529 | ... N31: =INDEX(res_cost!$T$3:$AC$35,MATCH($A31&$B31&$C31,res_cost!$AE$3:$AE$35,0),MATCH(N$2,res_cost!$T$2:$AC$2,0)) -> 20.698529
A32: resid cooking | B32: refined liquids | C32: lpg oven | D32: 12.947 | E32: 12.947 | F32: 12.947 | G32: 12.947 | H32: 12.947 | I32: 12.947 | J32: 12.947 | K32: 12.947 | L32: 12.947 | M32: 12.947 | N32: 12.947
A33: resid cooking | B33: refined liquids | C33: lpg oven hi-eff | D33: 14.797 | E33: 14.797 | F33: 14.797 | G33: 14.797 | H33: 14.797 | I33: 14.797 | J33: 14.797 | K33: 14.797 | L33: 14.797 | M33: 14.797 | N33: 14.797
A34: resid clothes dryers | B34: electricity | C34: clothes dryer | D34: =E34 -> 0.029210361 | E34: =INDEX(res_cost!$T$3:$AC$35,MATCH($A34&$B34&$C34,res_cost!$AE$3:$AE$35,0),MATCH(E$2,res_cost!$T$2:$AC$2,0)) -> 0.029210361 | F34: =INDEX(res_cost!$T$3:$AC$35,MATCH($A34&$B34&$C34,res_cost!$AE$3:$AE$35,0),MATCH(F$2,res_cost!$T$2:$AC$2,0)) -> 0.029210361 | G34: =INDEX(res_cost!$T$3:$AC$35,MATCH($A34&$B34&$C34,res_cost!$AE$3:$AE$35,0),MATCH(G$2,res_cost!$T$2:$AC$2,0)) -> 0.029210361 | H34: =INDEX(res_cost!$T$3:$AC$35,MATCH($A34&$B34&$C34,res_cost!$AE$3:$AE$35,0),MATCH(H$2,res_cost!$T$2:$AC$2,0)) -> 0.029210361 | I34: =INDEX(res_cost!$T$3:$AC$35,MATCH($A34&$B34&$C34,res_cost!$AE$3:$AE$35,0),MATCH(I$2,res_cost!$T$2:$AC$2,0)) -> 0.029210361 | J34: =INDEX(res_cost!$T$3:$AC$35,MATCH($A34&$B34&$C34,res_cost!$AE$3:$AE$35,0),MATCH(J$2,res_cost!$T$2:$AC$2,0)) -> 0.029210361 | K34: =INDEX(res_cost!$T$3:$AC$35,MATCH($A34&$B34&$C34,res_cost!$AE$3:$AE$35,0),MATCH(K$2,res_cost!$T$2:$AC$2,0)) -> 0.029210361 | L34: =INDEX(res_cost!$T$3:$AC$35,MATCH($A34&$B34&$C34,res_cost!$AE$3:$AE$35,0),MATCH(L$2,res_cost!$T$2:$AC$2,0)) -> 0.029210361 | ... N34: =INDEX(res_cost!$T$3:$AC$35,MATCH($A34&$B34&$C34,res_cost!$AE$3:$AE$35,0),MATCH(N$2,res_cost!$T$2:$AC$2,0)) -> 0.029210361
A35: resid clothes dryers | B35: electricity | C35: clothes dryer hi-eff | D35: =E35 -> 0.035431086 | E35: =INDEX(res_cost!$T$3:$AC$35,MATCH($A35&$B35&$C35,res_cost!$AE$3:$AE$35,0),MATCH(E$2,res_cost!$T$2:$AC$2,0)) -> 0.035431086 | F35: =INDEX(res_cost!$T$3:$AC$35,MATCH($A35&$B35&$C35,res_cost!$AE$3:$AE$35,0),MATCH(F$2,res_cost!$T$2:$AC$2,0)) -> 0.035431086 | G35: =INDEX(res_cost!$T$3:$AC$35,MATCH($A35&$B35&$C35,res_cost!$AE$3:$AE$35,0),MATCH(G$2,res_cost!$T$2:$AC$2,0)) -> 0.035431086 | H35: =INDEX(res_cost!$T$3:$AC$35,MATCH($A35&$B35&$C35,res_cost!$AE$3:$AE$35,0),MATCH(H$2,res_cost!$T$2:$AC$2,0)) -> 0.035431086 | I35: =INDEX(res_cost!$T$3:$AC$35,MATCH($A35&$B35&$C35,res_cost!$AE$3:$AE$35,0),MATCH(I$2,res_cost!$T$2:$AC$2,0)) -> 0.035431086 | J35: =INDEX(res_cost!$T$3:$AC$35,MATCH($A35&$B35&$C35,res_cost!$AE$3:$AE$35,0),MATCH(J$2,res_cost!$T$2:$AC$2,0)) -> 0.035431086 | K35: =INDEX(res_cost!$T$3:$AC$35,MATCH($A35&$B35&$C35,res_cost!$AE$3:$AE$35,0),MATCH(K$2,res_cost!$T$2:$AC$2,0)) -> 0.035431086 | L35: =INDEX(res_cost!$T$3:$AC$35,MATCH($A35&$B35&$C35,res_cost!$AE$3:$AE$35,0),MATCH(L$2,res_cost!$T$2:$AC$2,0)) -> 0.035431086 | ... N35: =INDEX(res_cost!$T$3:$AC$35,MATCH($A35&$B35&$C35,res_cost!$AE$3:$AE$35,0),MATCH(N$2,res_cost!$T$2:$AC$2,0)) -> 0.035431086
A36: resid clothes dryers | B36: gas | C36: clothes dryer | D36: =E36 -> 0.035701552 | E36: =INDEX(res_cost!$T$3:$AC$35,MATCH($A36&$B36&$C36,res_cost!$AE$3:$AE$35,0),MATCH(E$2,res_cost!$T$2:$AC$2,0)) -> 0.035701552 | F36: =INDEX(res_cost!$T$3:$AC$35,MATCH($A36&$B36&$C36,res_cost!$AE$3:$AE$35,0),MATCH(F$2,res_cost!$T$2:$AC$2,0)) -> 0.035701552 | G36: =INDEX(res_cost!$T$3:$AC$35,MATCH($A36&$B36&$C36,res_cost!$AE$3:$AE$35,0),MATCH(G$2,res_cost!$T$2:$AC$2,0)) -> 0.035701552 | H36: =INDEX(res_cost!$T$3:$AC$35,MATCH($A36&$B36&$C36,res_cost!$AE$3:$AE$35,0),MATCH(H$2,res_cost!$T$2:$AC$2,0)) -> 0.035701552 | I36: =INDEX(res_cost!$T$3:$AC$35,MATCH($A36&$B36&$C36,res_cost!$AE$3:$AE$35,0),MATCH(I$2,res_cost!$T$2:$AC$2,0)) -> 0.035701552 | J36: =INDEX(res_cost!$T$3:$AC$35,MATCH($A36&$B36&$C36,res_cost!$AE$3:$AE$35,0),MATCH(J$2,res_cost!$T$2:$AC$2,0)) -> 0.035701552 | K36: =INDEX(res_cost!$T$3:$AC$35,MATCH($A36&$B36&$C36,res_cost!$AE$3:$AE$35,0),MATCH(K$2,res_cost!$T$2:$AC$2,0)) -> 0.035701552 | L36: =INDEX(res_cost!$T$3:$AC$35,MATCH($A36&$B36&$C36,res_cost!$AE$3:$AE$35,0),MATCH(L$2,res_cost!$T$2:$AC$2,0)) -> 0.035701552 | ... N36: =INDEX(res_cost!$T$3:$AC$35,MATCH($A36&$B36&$C36,res_cost!$AE$3:$AE$35,0),MATCH(N$2,res_cost!$T$2:$AC$2,0)) -> 0.035701552
A37: resid clothes washers | B37: electricity | C37: clothes washer | D37: =E37 -> 0.12301097 | E37: =INDEX(res_cost!$T$3:$AC$35,MATCH($A37&$B37&$C37,res_cost!$AE$3:$AE$35,0),MATCH(E$2,res_cost!$T$2:$AC$2,0)) -> 0.12301097 | F37: =INDEX(res_cost!$T$3:$AC$35,MATCH($A37&$B37&$C37,res_cost!$AE$3:$AE$35,0),MATCH(F$2,res_cost!$T$2:$AC$2,0)) -> 0.12301097 | G37: =INDEX(res_cost!$T$3:$AC$35,MATCH($A37&$B37&$C37,res_cost!$AE$3:$AE$35,0),MATCH(G$2,res_cost!$T$2:$AC$2,0)) -> 0.12301097 | H37: =INDEX(res_cost!$T$3:$AC$35,MATCH($A37&$B37&$C37,res_cost!$AE$3:$AE$35,0),MATCH(H$2,res_cost!$T$2:$AC$2,0)) -> 0.12301097 | I37: =INDEX(res_cost!$T$3:$AC$35,MATCH($A37&$B37&$C37,res_cost!$AE$3:$AE$35,0),MATCH(I$2,res_cost!$T$2:$AC$2,0)) -> 0.12652557 | J37: =INDEX(res_cost!$T$3:$AC$35,MATCH($A37&$B37&$C37,res_cost!$AE$3:$AE$35,0),MATCH(J$2,res_cost!$T$2:$AC$2,0)) -> 0.12652557 | K37: =INDEX(res_cost!$T$3:$AC$35,MATCH($A37&$B37&$C37,res_cost!$AE$3:$AE$35,0),MATCH(K$2,res_cost!$T$2:$AC$2,0)) -> 0.12652557 | L37: =INDEX(res_cost!$T$3:$AC$35,MATCH($A37&$B37&$C37,res_cost!$AE$3:$AE$35,0),MATCH(L$2,res_cost!$T$2:$AC$2,0)) -> 0.12652557 | ... N37: =INDEX(res_cost!$T$3:$AC$35,MATCH($A37&$B37&$C37,res_cost!$AE$3:$AE$35,0),MATCH(N$2,res_cost!$T$2:$AC$2,0)) -> 0.12652557
A38: resid clothes washers | B38: electricity | C38: clothes washer hi-eff | D38: =E38 -> 0.12301097 | E38: =INDEX(res_cost!$T$3:$AC$35,MATCH($A38&$B38&$C38,res_cost!$AE$3:$AE$35,0),MATCH(E$2,res_cost!$T$2:$AC$2,0)) -> 0.12301097 | F38: =INDEX(res_cost!$T$3:$AC$35,MATCH($A38&$B38&$C38,res_cost!$AE$3:$AE$35,0),MATCH(F$2,res_cost!$T$2:$AC$2,0)) -> 0.12301097 | G38: =INDEX(res_cost!$T$3:$AC$35,MATCH($A38&$B38&$C38,res_cost!$AE$3:$AE$35,0),MATCH(G$2,res_cost!$T$2:$AC$2,0)) -> 0.12301097 | H38: =INDEX(res_cost!$T$3:$AC$35,MATCH($A38&$B38&$C38,res_cost!$AE$3:$AE$35,0),MATCH(H$2,res_cost!$T$2:$AC$2,0)) -> 0.12301097 | I38: =INDEX(res_cost!$T$3:$AC$35,MATCH($A38&$B38&$C38,res_cost!$AE$3:$AE$35,0),MATCH(I$2,res_cost!$T$2:$AC$2,0)) -> 0.12652557 | J38: =INDEX(res_cost!$T$3:$AC$35,MATCH($A38&$B38&$C38,res_cost!$AE$3:$AE$35,0),MATCH(J$2,res_cost!$T$2:$AC$2,0)) -> 0.12652557 | K38: =INDEX(res_cost!$T$3:$AC$35,MATCH($A38&$B38&$C38,res_cost!$AE$3:$AE$35,0),MATCH(K$2,res_cost!$T$2:$AC$2,0)) -> 0.12652557 | L38: =INDEX(res_cost!$T$3:$AC$35,MATCH($A38&$B38&$C38,res_cost!$AE$3:$AE$35,0),MATCH(L$2,res_cost!$T$2:$AC$2,0)) -> 0.12652557 | ... N38: =INDEX(res_cost!$T$3:$AC$35,MATCH($A38&$B38&$C38,res_cost!$AE$3:$AE$35,0),MATCH(N$2,res_cost!$T$2:$AC$2,0)) -> 0.12652557
A39: resid televisions | B39: electricity | C39: electricity | D39: =E39 -> 20 | E39: =E43 -> 20 | F39: =F43 -> 20 | G39: =G43 -> 20 | H39: =H43 -> 20 | I39: =I43 -> 20 | J39: =J43 -> 20 | K39: =K43 -> 20 | L39: 20 | M39: 20 | N39: =N43 -> 20
A40: resid computers | B40: electricity | C40: electricity | D40: =E40 -> 20 | E40: =E43 -> 20 | F40: =F43 -> 20 | G40: =G43 -> 20 | H40: =H43 -> 20 | I40: =I43 -> 20 | J40: =J43 -> 20 | K40: =K43 -> 20 | L40: 20 | M40: 20 | N40: =N43 -> 20
A41: resid furnace fans | B41: electricity | C41: electricity | D41: =E41 -> 20 | E41: =E43 -> 20 | F41: =F43 -> 20 | G41: =G43 -> 20 | H41: =H43 -> 20 | I41: =I43 -> 20 | J41: =J43 -> 20 | K41: =K43 -> 20 | L41: 20 | M41: 20 | N41: =N43 -> 20
A42: resid other | B42: gas | C42: gas | D42: =E42 -> 20 | E42: 20 | F42: 19.702 | G42: 19.409 | H42: 19.409 | I42: 19.409 | J42: 19.12 | K42: 18.835 | L42: =K42 -> 18.835 | M42: =L42 -> 18.835 | N42: 18.278
A43: resid other | B43: electricity | C43: electricity | D43: =E43 -> 20 | E43: 20 | F43: 20 | G43: 20 | H43: 20 | I43: 20 | J43: 20 | K43: 20 | L43: =K43 -> 20 | M43: =L43 -> 20 | N43: 20
A44: resid other | B44: refined liquids | C44: refined liquids | D44: =E44 -> 20 | E44: 20 | F44: 19.702 | G44: 19.409 | H44: 19.409 | I44: 19.409 | J44: 19.12 | K44: 18.835 | L44: =K44 -> 18.835 | M44: =L44 -> 18.835 | N44: 18.278
A45: comm heating | B45: biomass | C45: wood furnace | D45: =E45 -> 1.335 | E45: 1.335 | F45: 1.335 | G45: 1.315 | H45: 1.315 | I45: 1.315 | J45: 1.295 | K45: 1.276 | L45: =K45 -> 1.276 | M45: =L45 -> 1.276 | N45: 1.238
A46: comm heating | B46: coal | C46: coal furnace | D46: =E46 -> 1.355 | E46: 1.355 | F46: 1.335 | G46: 1.315 | H46: 1.315 | I46: 1.315 | J46: 1.295 | K46: 1.276 | L46: =K46 -> 1.276 | M46: =L46 -> 1.276 | N46: 1.238
A47: comm heating | B47: gas | C47: gas furnace | D47: =E47 -> 0.79313873 | E47: =INDEX(comm_cost!$V$3:$AE$26,MATCH($A47&$B47&$C47,comm_cost!$AF$3:$AF$26,0),MATCH(E$2,comm_cost!$V$2:$AE$2,0)) -> 0.79313873 | F47: =INDEX(comm_cost!$V$3:$AE$26,MATCH($A47&$B47&$C47,comm_cost!$AF$3:$AF$26,0),MATCH(F$2,comm_cost!$V$2:$AE$2,0)) -> 0.79313873 | G47: =INDEX(comm_cost!$V$3:$AE$26,MATCH($A47&$B47&$C47,comm_cost!$AF$3:$AF$26,0),MATCH(G$2,comm_cost!$V$2:$AE$2,0)) -> 0.79313873 | H47: =INDEX(comm_cost!$V$3:$AE$26,MATCH($A47&$B47&$C47,comm_cost!$AF$3:$AF$26,0),MATCH(H$2,comm_cost!$V$2:$AE$2,0)) -> 0.79769083 | I47: =INDEX(comm_cost!$V$3:$AE$26,MATCH($A47&$B47&$C47,comm_cost!$AF$3:$AF$26,0),MATCH(I$2,comm_cost!$V$2:$AE$2,0)) -> 0.80032249 | J47: =INDEX(comm_cost!$V$3:$AE$26,MATCH($A47&$B47&$C47,comm_cost!$AF$3:$AF$26,0),MATCH(J$2,comm_cost!$V$2:$AE$2,0)) -> 0.80235172 | K47: =INDEX(comm_cost!$V$3:$AE$26,MATCH($A47&$B47&$C47,comm_cost!$AF$3:$AF$26,0),MATCH(K$2,comm_cost!$V$2:$AE$2,0)) -> 0.80365857 | L47: =INDEX(comm_cost!$V$3:$AE$26,MATCH($A47&$B47&$C47,comm_cost!$AF$3:$AF$26,0),MATCH(L$2,comm_cost!$V$2:$AE$2,0)) -> 0.80464487 | ... N47: =INDEX(comm_cost!$V$3:$AE$26,MATCH($A47&$B47&$C47,comm_cost!$AF$3:$AF$26,0),MATCH(N$2,comm_cost!$V$2:$AE$2,0)) -> 0.80549107
A48: comm heating | B48: gas | C48: gas furnace hi-eff | D48: =E48 -> 1.2350523 | E48: =INDEX(comm_cost!$V$3:$AE$26,MATCH($A48&$B48&$C48,comm_cost!$AF$3:$AF$26,0),MATCH(E$2,comm_cost!$V$2:$AE$2,0)) -> 1.2350523 | F48: =INDEX(comm_cost!$V$3:$AE$26,MATCH($A48&$B48&$C48,comm_cost!$AF$3:$AF$26,0),MATCH(F$2,comm_cost!$V$2:$AE$2,0)) -> 1.2350523 | G48: =INDEX(comm_cost!$V$3:$AE$26,MATCH($A48&$B48&$C48,comm_cost!$AF$3:$AF$26,0),MATCH(G$2,comm_cost!$V$2:$AE$2,0)) -> 1.2350523 | H48: =INDEX(comm_cost!$V$3:$AE$26,MATCH($A48&$B48&$C48,comm_cost!$AF$3:$AF$26,0),MATCH(H$2,comm_cost!$V$2:$AE$2,0)) -> 1.2396044 | I48: =INDEX(comm_cost!$V$3:$AE$26,MATCH($A48&$B48&$C48,comm_cost!$AF$3:$AF$26,0),MATCH(I$2,comm_cost!$V$2:$AE$2,0)) -> 1.242236 | J48: =INDEX(comm_cost!$V$3:$AE$26,MATCH($A48&$B48&$C48,comm_cost!$AF$3:$AF$26,0),MATCH(J$2,comm_cost!$V$2:$AE$2,0)) -> 1.2442653 | K48: =INDEX(comm_cost!$V$3:$AE$26,MATCH($A48&$B48&$C48,comm_cost!$AF$3:$AF$26,0),MATCH(K$2,comm_cost!$V$2:$AE$2,0)) -> 1.2455721 | L48: =INDEX(comm_cost!$V$3:$AE$26,MATCH($A48&$B48&$C48,comm_cost!$AF$3:$AF$26,0),MATCH(L$2,comm_cost!$V$2:$AE$2,0)) -> 1.2465584 | ... N48: =INDEX(comm_cost!$V$3:$AE$26,MATCH($A48&$B48&$C48,comm_cost!$AF$3:$AF$26,0),MATCH(N$2,comm_cost!$V$2:$AE$2,0)) -> 1.2474046
A49: comm heating | B49: electricity | C49: electric furnace | D49: =E49 -> 2.5894684 | E49: =INDEX(comm_cost!$V$3:$AE$26,MATCH($A49&$B49&$C49,comm_cost!$AF$3:$AF$26,0),MATCH(E$2,comm_cost!$V$2:$AE$2,0)) -> 2.5894684 | F49: =INDEX(comm_cost!$V$3:$AE$26,MATCH($A49&$B49&$C49,comm_cost!$AF$3:$AF$26,0),MATCH(F$2,comm_cost!$V$2:$AE$2,0)) -> 2.5894684 | G49: =INDEX(comm_cost!$V$3:$AE$26,MATCH($A49&$B49&$C49,comm_cost!$AF$3:$AF$26,0),MATCH(G$2,comm_cost!$V$2:$AE$2,0)) -> 2.5894684 | H49: =INDEX(comm_cost!$V$3:$AE$26,MATCH($A49&$B49&$C49,comm_cost!$AF$3:$AF$26,0),MATCH(H$2,comm_cost!$V$2:$AE$2,0)) -> 2.5894684 | I49: =INDEX(comm_cost!$V$3:$AE$26,MATCH($A49&$B49&$C49,comm_cost!$AF$3:$AF$26,0),MATCH(I$2,comm_cost!$V$2:$AE$2,0)) -> 2.5894684 | J49: =INDEX(comm_cost!$V$3:$AE$26,MATCH($A49&$B49&$C49,comm_cost!$AF$3:$AF$26,0),MATCH(J$2,comm_cost!$V$2:$AE$2,0)) -> 2.5894684 | K49: =INDEX(comm_cost!$V$3:$AE$26,MATCH($A49&$B49&$C49,comm_cost!$AF$3:$AF$26,0),MATCH(K$2,comm_cost!$V$2:$AE$2,0)) -> 2.5894684 | L49: =INDEX(comm_cost!$V$3:$AE$26,MATCH($A49&$B49&$C49,comm_cost!$AF$3:$AF$26,0),MATCH(L$2,comm_cost!$V$2:$AE$2,0)) -> 2.5894684 | ... N49: =INDEX(comm_cost!$V$3:$AE$26,MATCH($A49&$B49&$C49,comm_cost!$AF$3:$AF$26,0),MATCH(N$2,comm_cost!$V$2:$AE$2,0)) -> 2.5894684
A50: comm heating | B50: electricity | C50: electric heat pump | D50: =E50 -> 10.353614 | E50: =INDEX(comm_cost!$V$3:$AE$26,MATCH($A50&$B50&$C50,comm_cost!$AF$3:$AF$26,0),MATCH(E$2,comm_cost!$V$2:$AE$2,0)) -> 10.353614 | F50: =INDEX(comm_cost!$V$3:$AE$26,MATCH($A50&$B50&$C50,comm_cost!$AF$3:$AF$26,0),MATCH(F$2,comm_cost!$V$2:$AE$2,0)) -> 10.353614 | G50: =INDEX(comm_cost!$V$3:$AE$26,MATCH($A50&$B50&$C50,comm_cost!$AF$3:$AF$26,0),MATCH(G$2,comm_cost!$V$2:$AE$2,0)) -> 10.353614 | H50: =INDEX(comm_cost!$V$3:$AE$26,MATCH($A50&$B50&$C50,comm_cost!$AF$3:$AF$26,0),MATCH(H$2,comm_cost!$V$2:$AE$2,0)) -> 10.353614 | I50: =INDEX(comm_cost!$V$3:$AE$26,MATCH($A50&$B50&$C50,comm_cost!$AF$3:$AF$26,0),MATCH(I$2,comm_cost!$V$2:$AE$2,0)) -> 10.353614 | J50: =INDEX(comm_cost!$V$3:$AE$26,MATCH($A50&$B50&$C50,comm_cost!$AF$3:$AF$26,0),MATCH(J$2,comm_cost!$V$2:$AE$2,0)) -> 10.353614 | K50: =INDEX(comm_cost!$V$3:$AE$26,MATCH($A50&$B50&$C50,comm_cost!$AF$3:$AF$26,0),MATCH(K$2,comm_cost!$V$2:$AE$2,0)) -> 10.353614 | L50: =INDEX(comm_cost!$V$3:$AE$26,MATCH($A50&$B50&$C50,comm_cost!$AF$3:$AF$26,0),MATCH(L$2,comm_cost!$V$2:$AE$2,0)) -> 10.353614 | ... N50: =INDEX(comm_cost!$V$3:$AE$26,MATCH($A50&$B50&$C50,comm_cost!$AF$3:$AF$26,0),MATCH(N$2,comm_cost!$V$2:$AE$2,0)) -> 10.353614
A51: comm heating | B51: refined liquids | C51: fuel furnace | D51: =E51 -> 1.4416806 | E51: =INDEX(comm_cost!$V$3:$AE$26,MATCH($A51&$B51&$C51,comm_cost!$AF$3:$AF$26,0),MATCH(E$2,comm_cost!$V$2:$AE$2,0)) -> 1.4416806 | F51: =INDEX(comm_cost!$V$3:$AE$26,MATCH($A51&$B51&$C51,comm_cost!$AF$3:$AF$26,0),MATCH(F$2,comm_cost!$V$2:$AE$2,0)) -> 1.4416806 | G51: =INDEX(comm_cost!$V$3:$AE$26,MATCH($A51&$B51&$C51,comm_cost!$AF$3:$AF$26,0),MATCH(G$2,comm_cost!$V$2:$AE$2,0)) -> 1.4416806 | H51: =INDEX(comm_cost!$V$3:$AE$26,MATCH($A51&$B51&$C51,comm_cost!$AF$3:$AF$26,0),MATCH(H$2,comm_cost!$V$2:$AE$2,0)) -> 1.4427418 | I51: =INDEX(comm_cost!$V$3:$AE$26,MATCH($A51&$B51&$C51,comm_cost!$AF$3:$AF$26,0),MATCH(I$2,comm_cost!$V$2:$AE$2,0)) -> 1.4442606 | J51: =INDEX(comm_cost!$V$3:$AE$26,MATCH($A51&$B51&$C51,comm_cost!$AF$3:$AF$26,0),MATCH(J$2,comm_cost!$V$2:$AE$2,0)) -> 1.4465473 | K51: =INDEX(comm_cost!$V$3:$AE$26,MATCH($A51&$B51&$C51,comm_cost!$AF$3:$AF$26,0),MATCH(K$2,comm_cost!$V$2:$AE$2,0)) -> 1.4502065 | L51: =INDEX(comm_cost!$V$3:$AE$26,MATCH($A51&$B51&$C51,comm_cost!$AF$3:$AF$26,0),MATCH(L$2,comm_cost!$V$2:$AE$2,0)) -> 1.4568639 | ... N51: =INDEX(comm_cost!$V$3:$AE$26,MATCH($A51&$B51&$C51,comm_cost!$AF$3:$AF$26,0),MATCH(N$2,comm_cost!$V$2:$AE$2,0)) -> 1.4621093
A52: comm cooling | B52: gas | C52: gas cooling | D52: =E52 -> 4.1892912 | E52: =INDEX(comm_cost!$V$3:$AE$26,MATCH($A52&$B52&$C52,comm_cost!$AF$3:$AF$26,0),MATCH(E$2,comm_cost!$V$2:$AE$2,0)) -> 4.1892912 | F52: =INDEX(comm_cost!$V$3:$AE$26,MATCH($A52&$B52&$C52,comm_cost!$AF$3:$AF$26,0),MATCH(F$2,comm_cost!$V$2:$AE$2,0)) -> 4.1892912 | G52: =INDEX(comm_cost!$V$3:$AE$26,MATCH($A52&$B52&$C52,comm_cost!$AF$3:$AF$26,0),MATCH(G$2,comm_cost!$V$2:$AE$2,0)) -> 4.1892912 | H52: =INDEX(comm_cost!$V$3:$AE$26,MATCH($A52&$B52&$C52,comm_cost!$AF$3:$AF$26,0),MATCH(H$2,comm_cost!$V$2:$AE$2,0)) -> 4.1952085 | I52: =INDEX(comm_cost!$V$3:$AE$26,MATCH($A52&$B52&$C52,comm_cost!$AF$3:$AF$26,0),MATCH(I$2,comm_cost!$V$2:$AE$2,0)) -> 4.2030849 | J52: =INDEX(comm_cost!$V$3:$AE$26,MATCH($A52&$B52&$C52,comm_cost!$AF$3:$AF$26,0),MATCH(J$2,comm_cost!$V$2:$AE$2,0)) -> 4.2140218 | K52: =INDEX(comm_cost!$V$3:$AE$26,MATCH($A52&$B52&$C52,comm_cost!$AF$3:$AF$26,0),MATCH(K$2,comm_cost!$V$2:$AE$2,0)) -> 4.2274542 | L52: =INDEX(comm_cost!$V$3:$AE$26,MATCH($A52&$B52&$C52,comm_cost!$AF$3:$AF$26,0),MATCH(L$2,comm_cost!$V$2:$AE$2,0)) -> 4.2448627 | ... N52: =INDEX(comm_cost!$V$3:$AE$26,MATCH($A52&$B52&$C52,comm_cost!$AF$3:$AF$26,0),MATCH(N$2,comm_cost!$V$2:$AE$2,0)) -> 4.2701858
A53: comm cooling | B53: electricity | C53: air conditioning | D53: =E53 -> 4.7320992 | E53: =INDEX(comm_cost!$V$3:$AE$26,MATCH($A53&$B53&$C53,comm_cost!$AF$3:$AF$26,0),MATCH(E$2,comm_cost!$V$2:$AE$2,0)) -> 4.7320992 | F53: =INDEX(comm_cost!$V$3:$AE$26,MATCH($A53&$B53&$C53,comm_cost!$AF$3:$AF$26,0),MATCH(F$2,comm_cost!$V$2:$AE$2,0)) -> 4.7320992 | G53: =INDEX(comm_cost!$V$3:$AE$26,MATCH($A53&$B53&$C53,comm_cost!$AF$3:$AF$26,0),MATCH(G$2,comm_cost!$V$2:$AE$2,0)) -> 4.7320992 | H53: =INDEX(comm_cost!$V$3:$AE$26,MATCH($A53&$B53&$C53,comm_cost!$AF$3:$AF$26,0),MATCH(H$2,comm_cost!$V$2:$AE$2,0)) -> 4.9236897 | I53: =INDEX(comm_cost!$V$3:$AE$26,MATCH($A53&$B53&$C53,comm_cost!$AF$3:$AF$26,0),MATCH(I$2,comm_cost!$V$2:$AE$2,0)) -> 5.0614433 | J53: =INDEX(comm_cost!$V$3:$AE$26,MATCH($A53&$B53&$C53,comm_cost!$AF$3:$AF$26,0),MATCH(J$2,comm_cost!$V$2:$AE$2,0)) -> 5.1647071 | K53: =INDEX(comm_cost!$V$3:$AE$26,MATCH($A53&$B53&$C53,comm_cost!$AF$3:$AF$26,0),MATCH(K$2,comm_cost!$V$2:$AE$2,0)) -> 5.2419349 | L53: =INDEX(comm_cost!$V$3:$AE$26,MATCH($A53&$B53&$C53,comm_cost!$AF$3:$AF$26,0),MATCH(L$2,comm_cost!$V$2:$AE$2,0)) -> 5.2999375 | ... N53: =INDEX(comm_cost!$V$3:$AE$26,MATCH($A53&$B53&$C53,comm_cost!$AF$3:$AF$26,0),MATCH(N$2,comm_cost!$V$2:$AE$2,0)) -> 5.3436
A54: comm cooling | B54: electricity | C54: air conditioning hi-eff | D54: =E54 -> 6.3802195 | E54: =INDEX(comm_cost!$V$3:$AE$26,MATCH($A54&$B54&$C54,comm_cost!$AF$3:$AF$26,0),MATCH(E$2,comm_cost!$V$2:$AE$2,0)) -> 6.3802195 | F54: =INDEX(comm_cost!$V$3:$AE$26,MATCH($A54&$B54&$C54,comm_cost!$AF$3:$AF$26,0),MATCH(F$2,comm_cost!$V$2:$AE$2,0)) -> 6.3802195 | G54: =INDEX(comm_cost!$V$3:$AE$26,MATCH($A54&$B54&$C54,comm_cost!$AF$3:$AF$26,0),MATCH(G$2,comm_cost!$V$2:$AE$2,0)) -> 6.3802195 | H54: =INDEX(comm_cost!$V$3:$AE$26,MATCH($A54&$B54&$C54,comm_cost!$AF$3:$AF$26,0),MATCH(H$2,comm_cost!$V$2:$AE$2,0)) -> 6.5718099 | I54: =INDEX(comm_cost!$V$3:$AE$26,MATCH($A54&$B54&$C54,comm_cost!$AF$3:$AF$26,0),MATCH(I$2,comm_cost!$V$2:$AE$2,0)) -> 6.7095635 | J54: =INDEX(comm_cost!$V$3:$AE$26,MATCH($A54&$B54&$C54,comm_cost!$AF$3:$AF$26,0),MATCH(J$2,comm_cost!$V$2:$AE$2,0)) -> 6.8128273 | K54: =INDEX(comm_cost!$V$3:$AE$26,MATCH($A54&$B54&$C54,comm_cost!$AF$3:$AF$26,0),MATCH(K$2,comm_cost!$V$2:$AE$2,0)) -> 6.8900552 | L54: =INDEX(comm_cost!$V$3:$AE$26,MATCH($A54&$B54&$C54,comm_cost!$AF$3:$AF$26,0),MATCH(L$2,comm_cost!$V$2:$AE$2,0)) -> 6.9480577 | ... N54: =INDEX(comm_cost!$V$3:$AE$26,MATCH($A54&$B54&$C54,comm_cost!$AF$3:$AF$26,0),MATCH(N$2,comm_cost!$V$2:$AE$2,0)) -> 6.9917202
A55: comm hot water | B55: gas | C55: gas water heater | D55: =E55 -> 1.1807613 | E55: =INDEX(comm_cost!$V$3:$AE$26,MATCH($A55&$B55&$C55,comm_cost!$AF$3:$AF$26,0),MATCH(E$2,comm_cost!$V$2:$AE$2,0)) -> 1.1807613 | F55: =INDEX(comm_cost!$V$3:$AE$26,MATCH($A55&$B55&$C55,comm_cost!$AF$3:$AF$26,0),MATCH(F$2,comm_cost!$V$2:$AE$2,0)) -> 1.1807613 | G55: =INDEX(comm_cost!$V$3:$AE$26,MATCH($A55&$B55&$C55,comm_cost!$AF$3:$AF$26,0),MATCH(G$2,comm_cost!$V$2:$AE$2,0)) -> 1.1807613 | H55: =INDEX(comm_cost!$V$3:$AE$26,MATCH($A55&$B55&$C55,comm_cost!$AF$3:$AF$26,0),MATCH(H$2,comm_cost!$V$2:$AE$2,0)) -> 1.1930729 | I55: =INDEX(comm_cost!$V$3:$AE$26,MATCH($A55&$B55&$C55,comm_cost!$AF$3:$AF$26,0),MATCH(I$2,comm_cost!$V$2:$AE$2,0)) -> 1.2005266 | J55: =INDEX(comm_cost!$V$3:$AE$26,MATCH($A55&$B55&$C55,comm_cost!$AF$3:$AF$26,0),MATCH(J$2,comm_cost!$V$2:$AE$2,0)) -> 1.2049342 | K55: =INDEX(comm_cost!$V$3:$AE$26,MATCH($A55&$B55&$C55,comm_cost!$AF$3:$AF$26,0),MATCH(K$2,comm_cost!$V$2:$AE$2,0)) -> 1.2075045 | L55: =INDEX(comm_cost!$V$3:$AE$26,MATCH($A55&$B55&$C55,comm_cost!$AF$3:$AF$26,0),MATCH(L$2,comm_cost!$V$2:$AE$2,0)) -> 1.2090243 | ... N55: =INDEX(comm_cost!$V$3:$AE$26,MATCH($A55&$B55&$C55,comm_cost!$AF$3:$AF$26,0),MATCH(N$2,comm_cost!$V$2:$AE$2,0)) -> 1.2099236
A56: comm hot water | B56: gas | C56: gas water heater hi-eff | D56: =E56 -> 1.2717442 | E56: =INDEX(comm_cost!$V$3:$AE$26,MATCH($A56&$B56&$C56,comm_cost!$AF$3:$AF$26,0),MATCH(E$2,comm_cost!$V$2:$AE$2,0)) -> 1.2717442 | F56: =INDEX(comm_cost!$V$3:$AE$26,MATCH($A56&$B56&$C56,comm_cost!$AF$3:$AF$26,0),MATCH(F$2,comm_cost!$V$2:$AE$2,0)) -> 1.2717442 | G56: =INDEX(comm_cost!$V$3:$AE$26,MATCH($A56&$B56&$C56,comm_cost!$AF$3:$AF$26,0),MATCH(G$2,comm_cost!$V$2:$AE$2,0)) -> 1.2717442 | H56: =INDEX(comm_cost!$V$3:$AE$26,MATCH($A56&$B56&$C56,comm_cost!$AF$3:$AF$26,0),MATCH(H$2,comm_cost!$V$2:$AE$2,0)) -> 1.2840558 | I56: =INDEX(comm_cost!$V$3:$AE$26,MATCH($A56&$B56&$C56,comm_cost!$AF$3:$AF$26,0),MATCH(I$2,comm_cost!$V$2:$AE$2,0)) -> 1.2915095 | J56: =INDEX(comm_cost!$V$3:$AE$26,MATCH($A56&$B56&$C56,comm_cost!$AF$3:$AF$26,0),MATCH(J$2,comm_cost!$V$2:$AE$2,0)) -> 1.2959171 | K56: =INDEX(comm_cost!$V$3:$AE$26,MATCH($A56&$B56&$C56,comm_cost!$AF$3:$AF$26,0),MATCH(K$2,comm_cost!$V$2:$AE$2,0)) -> 1.2984874 | L56: =INDEX(comm_cost!$V$3:$AE$26,MATCH($A56&$B56&$C56,comm_cost!$AF$3:$AF$26,0),MATCH(L$2,comm_cost!$V$2:$AE$2,0)) -> 1.3000072 | ... N56: =INDEX(comm_cost!$V$3:$AE$26,MATCH($A56&$B56&$C56,comm_cost!$AF$3:$AF$26,0),MATCH(N$2,comm_cost!$V$2:$AE$2,0)) -> 1.3009065
A57: comm hot water | B57: electricity | C57: electric resistance water heater | D57: =E57 -> 2.6946685 | E57: =INDEX(comm_cost!$V$3:$AE$26,MATCH($A57&$B57&$C57,comm_cost!$AF$3:$AF$26,0),MATCH(E$2,comm_cost!$V$2:$AE$2,0)) -> 2.6946685 | F57: =INDEX(comm_cost!$V$3:$AE$26,MATCH($A57&$B57&$C57,comm_cost!$AF$3:$AF$26,0),MATCH(F$2,comm_cost!$V$2:$AE$2,0)) -> 2.6946685 | G57: =INDEX(comm_cost!$V$3:$AE$26,MATCH($A57&$B57&$C57,comm_cost!$AF$3:$AF$26,0),MATCH(G$2,comm_cost!$V$2:$AE$2,0)) -> 2.6946685 | H57: =INDEX(comm_cost!$V$3:$AE$26,MATCH($A57&$B57&$C57,comm_cost!$AF$3:$AF$26,0),MATCH(H$2,comm_cost!$V$2:$AE$2,0)) -> 2.6946685 | I57: =INDEX(comm_cost!$V$3:$AE$26,MATCH($A57&$B57&$C57,comm_cost!$AF$3:$AF$26,0),MATCH(I$2,comm_cost!$V$2:$AE$2,0)) -> 2.6946685 | J57: =INDEX(comm_cost!$V$3:$AE$26,MATCH($A57&$B57&$C57,comm_cost!$AF$3:$AF$26,0),MATCH(J$2,comm_cost!$V$2:$AE$2,0)) -> 2.6946685 | K57: =INDEX(comm_cost!$V$3:$AE$26,MATCH($A57&$B57&$C57,comm_cost!$AF$3:$AF$26,0),MATCH(K$2,comm_cost!$V$2:$AE$2,0)) -> 2.6946685 | L57: =INDEX(comm_cost!$V$3:$AE$26,MATCH($A57&$B57&$C57,comm_cost!$AF$3:$AF$26,0),MATCH(L$2,comm_cost!$V$2:$AE$2,0)) -> 2.6946685 | ... N57: =INDEX(comm_cost!$V$3:$AE$26,MATCH($A57&$B57&$C57,comm_cost!$AF$3:$AF$26,0),MATCH(N$2,comm_cost!$V$2:$AE$2,0)) -> 2.6946685
A58: comm hot water | B58: electricity | C58: electric heat pump water heater | D58: =E58 -> 12.162897 | E58: =INDEX(comm_cost!$V$3:$AE$26,MATCH($A58&$B58&$C58,comm_cost!$AF$3:$AF$26,0),MATCH(E$2,comm_cost!$V$2:$AE$2,0)) -> 12.162897 | F58: =INDEX(comm_cost!$V$3:$AE$26,MATCH($A58&$B58&$C58,comm_cost!$AF$3:$AF$26,0),MATCH(F$2,comm_cost!$V$2:$AE$2,0)) -> 12.162897 | G58: =INDEX(comm_cost!$V$3:$AE$26,MATCH($A58&$B58&$C58,comm_cost!$AF$3:$AF$26,0),MATCH(G$2,comm_cost!$V$2:$AE$2,0)) -> 12.162897 | H58: =INDEX(comm_cost!$V$3:$AE$26,MATCH($A58&$B58&$C58,comm_cost!$AF$3:$AF$26,0),MATCH(H$2,comm_cost!$V$2:$AE$2,0)) -> 12.162897 | I58: =INDEX(comm_cost!$V$3:$AE$26,MATCH($A58&$B58&$C58,comm_cost!$AF$3:$AF$26,0),MATCH(I$2,comm_cost!$V$2:$AE$2,0)) -> 12.162897 | J58: =INDEX(comm_cost!$V$3:$AE$26,MATCH($A58&$B58&$C58,comm_cost!$AF$3:$AF$26,0),MATCH(J$2,comm_cost!$V$2:$AE$2,0)) -> 12.162897 | K58: =INDEX(comm_cost!$V$3:$AE$26,MATCH($A58&$B58&$C58,comm_cost!$AF$3:$AF$26,0),MATCH(K$2,comm_cost!$V$2:$AE$2,0)) -> 12.162897 | L58: =INDEX(comm_cost!$V$3:$AE$26,MATCH($A58&$B58&$C58,comm_cost!$AF$3:$AF$26,0),MATCH(L$2,comm_cost!$V$2:$AE$2,0)) -> 12.162897 | ... N58: =INDEX(comm_cost!$V$3:$AE$26,MATCH($A58&$B58&$C58,comm_cost!$AF$3:$AF$26,0),MATCH(N$2,comm_cost!$V$2:$AE$2,0)) -> 12.162897
... A70: comm refrigeration | B70: electricity | C70: refrigeration hi-eff | D70: =E70 -> 26.92165 | E70: =INDEX(comm_cost!$V$3:$AE$26,MATCH($A70&$B70&$C70,comm_cost!$AF$3:$AF$26,0),MATCH(E$2,comm_cost!$V$2:$AE$2,0)) -> 26.92165 | F70: =INDEX(comm_cost!$V$3:$AE$26,MATCH($A70&$B70&$C70,comm_cost!$AF$3:$AF$26,0),MATCH(F$2,comm_cost!$V$2:$AE$2,0)) -> 26.92165 | G70: =INDEX(comm_cost!$V$3:$AE$26,MATCH($A70&$B70&$C70,comm_cost!$AF$3:$AF$26,0),MATCH(G$2,comm_cost!$V$2:$AE$2,0)) -> 26.92165 | H70: =INDEX(comm_cost!$V$3:$AE$26,MATCH($A70&$B70&$C70,comm_cost!$AF$3:$AF$26,0),MATCH(H$2,comm_cost!$V$2:$AE$2,0)) -> 27.114782 | I70: =INDEX(comm_cost!$V$3:$AE$26,MATCH($A70&$B70&$C70,comm_cost!$AF$3:$AF$26,0),MATCH(I$2,comm_cost!$V$2:$AE$2,0)) -> 27.241111 | J70: =INDEX(comm_cost!$V$3:$AE$26,MATCH($A70&$B70&$C70,comm_cost!$AF$3:$AF$26,0),MATCH(J$2,comm_cost!$V$2:$AE$2,0)) -> 27.274853 | K70: =INDEX(comm_cost!$V$3:$AE$26,MATCH($A70&$B70&$C70,comm_cost!$AF$3:$AF$26,0),MATCH(K$2,comm_cost!$V$2:$AE$2,0)) -> 27.292528 | L70: =INDEX(comm_cost!$V$3:$AE$26,MATCH($A70&$B70&$C70,comm_cost!$AF$3:$AF$26,0),MATCH(L$2,comm_cost!$V$2:$AE$2,0)) -> 27.301997 | ... N70: =INDEX(comm_cost!$V$3:$AE$26,MATCH($A70&$B70&$C70,comm_cost!$AF$3:$AF$26,0),MATCH(N$2,comm_cost!$V$2:$AE$2,0)) -> 27.307099
A71: comm office | B71: electricity | C71: office equipment | D71: =E71 -> 44.187 | E71: 44.187 | F71: 43.529 | G71: 42.881 | H71: 42.881 | I71: 42.881 | J71: 42.242 | K71: 41.613 | L71: =K71 -> 41.613 | M71: =L71 -> 41.613 | N71: 40.382
A72: comm other | B72: gas | C72: gas | D72: =E72 -> 20 | E72: 20 | F72: 19.702 | G72: 19.409 | H72: 19.409 | I72: 19.409 | J72: 19.12 | K72: 18.835 | L72: =K72 -> 18.835 | M72: =L72 -> 18.835 | N72: 18.278
A73: comm other | B73: electricity | C73: electricity | D73: =E73 -> 40.064 | E73: 40.064 | F73: 39.467 | G73: 38.879 | H73: 38.879 | I73: 38.879 | J73: 38.3 | K73: 37.73 | L73: =K73 -> 37.73 | M73: =L73 -> 37.73 | N73: 36.614
A74: comm other | B74: refined liquids | C74: refined liquids | D74: =E74 -> 20 | E74: 20 | F74: 19.702 | G74: 19.409 | H74: 19.409 | I74: 19.409 | J74: 19.12 | K74: 18.835 | L74: =K74 -> 18.835 | M74: =L74 -> 18.835 | N74: 18.278

Sheet A44.globaltech_eff.csv
A1: # Building sector technology efficiencies
A2: supplysector | B2: subsector | C2: technology | D2: minicam.energy.input | E2: 1971 | F2: 2010 | G2: 2015 | H2: 2020 | I2: 2025 | J2: 2030 | K2: 2035 | L2: 2040 | M2: 2045 | N2: 2050 | O2: 2100
A3: resid heating | B3: biomass | C3: wood furnace | D3: delivered biomass | E3: =F3 -> 0.4 | F3: 0.4 | G3: 0.4 | H3: 0.4 | I3: 0.4 | J3: 0.4 | K3: 0.4 | L3: 0.4 | M3: 0.4 | N3: 0.4 | O3: 0.4
A4: resid heating | B4: coal | C4: coal furnace | D4: delivered coal | E4: =F4 -> 0.4 | F4: 0.4 | G4: 0.4 | H4: 0.4 | I4: 0.4 | J4: 0.4 | K4: 0.4 | L4: 0.4 | M4: 0.4 | N4: 0.4 | O4: 0.4
A5: resid heating | B5: gas | C5: gas furnace | D5: delivered gas | E5: =F5 -> 0.8594217 | F5: =INDEX(res_eff!$R$3:$AA$35,MATCH($A5&$B5&$C5,res_eff!$AC$3:$AC$35,0),MATCH(F$2,res_eff!$R$2:$AA$2,0)) -> 0.8594217 | G5: =INDEX(res_eff!$R$3:$AA$35,MATCH($A5&$B5&$C5,res_eff!$AC$3:$AC$35,0),MATCH(G$2,res_eff!$R$2:$AA$2,0)) -> 0.8594217 | H5: =INDEX(res_eff!$R$3:$AA$35,MATCH($A5&$B5&$C5,res_eff!$AC$3:$AC$35,0),MATCH(H$2,res_eff!$R$2:$AA$2,0)) -> 0.8594217 | I5: =INDEX(res_eff!$R$3:$AA$35,MATCH($A5&$B5&$C5,res_eff!$AC$3:$AC$35,0),MATCH(I$2,res_eff!$R$2:$AA$2,0)) -> 0.8594217 | J5: =INDEX(res_eff!$R$3:$AA$35,MATCH($A5&$B5&$C5,res_eff!$AC$3:$AC$35,0),MATCH(J$2,res_eff!$R$2:$AA$2,0)) -> 0.8594217 | K5: =INDEX(res_eff!$R$3:$AA$35,MATCH($A5&$B5&$C5,res_eff!$AC$3:$AC$35,0),MATCH(K$2,res_eff!$R$2:$AA$2,0)) -> 0.8594217 | L5: =INDEX(res_eff!$R$3:$AA$35,MATCH($A5&$B5&$C5,res_eff!$AC$3:$AC$35,0),MATCH(L$2,res_eff!$R$2:$AA$2,0)) -> 0.8594217 | M5: =INDEX(res_eff!$R$3:$AA$35,MATCH($A5&$B5&$C5,res_eff!$AC$3:$AC$35,0),MATCH(M$2,res_eff!$R$2:$AA$2,0)) -> 0.8594217 | ... O5: =INDEX(res_eff!$R$3:$AA$35,MATCH($A5&$B5&$C5,res_eff!$AC$3:$AC$35,0),MATCH(O$2,res_eff!$R$2:$AA$2,0)) -> 0.8594217
A6: resid heating | B6: gas | C6: gas furnace hi-eff | D6: delivered gas | E6: =F6 -> 0.93 | F6: =INDEX(res_eff!$R$3:$AA$35,MATCH($A6&$B6&$C6,res_eff!$AC$3:$AC$35,0),MATCH(F$2,res_eff!$R$2:$AA$2,0)) -> 0.93 | G6: =INDEX(res_eff!$R$3:$AA$35,MATCH($A6&$B6&$C6,res_eff!$AC$3:$AC$35,0),MATCH(G$2,res_eff!$R$2:$AA$2,0)) -> 0.93 | H6: =INDEX(res_eff!$R$3:$AA$35,MATCH($A6&$B6&$C6,res_eff!$AC$3:$AC$35,0),MATCH(H$2,res_eff!$R$2:$AA$2,0)) -> 0.93 | I6: =INDEX(res_eff!$R$3:$AA$35,MATCH($A6&$B6&$C6,res_eff!$AC$3:$AC$35,0),MATCH(I$2,res_eff!$R$2:$AA$2,0)) -> 0.93 | J6: =INDEX(res_eff!$R$3:$AA$35,MATCH($A6&$B6&$C6,res_eff!$AC$3:$AC$35,0),MATCH(J$2,res_eff!$R$2:$AA$2,0)) -> 0.93 | K6: =INDEX(res_eff!$R$3:$AA$35,MATCH($A6&$B6&$C6,res_eff!$AC$3:$AC$35,0),MATCH(K$2,res_eff!$R$2:$AA$2,0)) -> 0.93 | L6: =INDEX(res_eff!$R$3:$AA$35,MATCH($A6&$B6&$C6,res_eff!$AC$3:$AC$35,0),MATCH(L$2,res_eff!$R$2:$AA$2,0)) -> 0.93 | M6: =INDEX(res_eff!$R$3:$AA$35,MATCH($A6&$B6&$C6,res_eff!$AC$3:$AC$35,0),MATCH(M$2,res_eff!$R$2:$AA$2,0)) -> 0.93 | ... O6: =INDEX(res_eff!$R$3:$AA$35,MATCH($A6&$B6&$C6,res_eff!$AC$3:$AC$35,0),MATCH(O$2,res_eff!$R$2:$AA$2,0)) -> 0.93
A7: resid heating | B7: electricity | C7: electric furnace | D7: elect_td_bld | E7: =F7 -> 0.98 | F7: =INDEX(res_eff!$R$3:$AA$35,MATCH($A7&$B7&$C7,res_eff!$AC$3:$AC$35,0),MATCH(F$2,res_eff!$R$2:$AA$2,0)) -> 0.98 | G7: =INDEX(res_eff!$R$3:$AA$35,MATCH($A7&$B7&$C7,res_eff!$AC$3:$AC$35,0),MATCH(G$2,res_eff!$R$2:$AA$2,0)) -> 0.98 | H7: =INDEX(res_eff!$R$3:$AA$35,MATCH($A7&$B7&$C7,res_eff!$AC$3:$AC$35,0),MATCH(H$2,res_eff!$R$2:$AA$2,0)) -> 0.98 | I7: =INDEX(res_eff!$R$3:$AA$35,MATCH($A7&$B7&$C7,res_eff!$AC$3:$AC$35,0),MATCH(I$2,res_eff!$R$2:$AA$2,0)) -> 0.98 | J7: =INDEX(res_eff!$R$3:$AA$35,MATCH($A7&$B7&$C7,res_eff!$AC$3:$AC$35,0),MATCH(J$2,res_eff!$R$2:$AA$2,0)) -> 0.98 | K7: =INDEX(res_eff!$R$3:$AA$35,MATCH($A7&$B7&$C7,res_eff!$AC$3:$AC$35,0),MATCH(K$2,res_eff!$R$2:$AA$2,0)) -> 0.98 | L7: =INDEX(res_eff!$R$3:$AA$35,MATCH($A7&$B7&$C7,res_eff!$AC$3:$AC$35,0),MATCH(L$2,res_eff!$R$2:$AA$2,0)) -> 0.98 | M7: =INDEX(res_eff!$R$3:$AA$35,MATCH($A7&$B7&$C7,res_eff!$AC$3:$AC$35,0),MATCH(M$2,res_eff!$R$2:$AA$2,0)) -> 0.98 | ... O7: =INDEX(res_eff!$R$3:$AA$35,MATCH($A7&$B7&$C7,res_eff!$AC$3:$AC$35,0),MATCH(O$2,res_eff!$R$2:$AA$2,0)) -> 0.98
A8: resid heating | B8: electricity | C8: electric heat pump | D8: elect_td_bld | E8: =F8 -> 2.7 | F8: =INDEX(res_eff!$R$3:$AA$35,MATCH($A8&$B8&$C8,res_eff!$AC$3:$AC$35,0),MATCH(F$2,res_eff!$R$2:$AA$2,0)) -> 2.7 | G8: =INDEX(res_eff!$R$3:$AA$35,MATCH($A8&$B8&$C8,res_eff!$AC$3:$AC$35,0),MATCH(G$2,res_eff!$R$2:$AA$2,0)) -> 2.7 | H8: =INDEX(res_eff!$R$3:$AA$35,MATCH($A8&$B8&$C8,res_eff!$AC$3:$AC$35,0),MATCH(H$2,res_eff!$R$2:$AA$2,0)) -> 2.7 | I8: =INDEX(res_eff!$R$3:$AA$35,MATCH($A8&$B8&$C8,res_eff!$AC$3:$AC$35,0),MATCH(I$2,res_eff!$R$2:$AA$2,0)) -> 2.7 | J8: =INDEX(res_eff!$R$3:$AA$35,MATCH($A8&$B8&$C8,res_eff!$AC$3:$AC$35,0),MATCH(J$2,res_eff!$R$2:$AA$2,0)) -> 2.7 | K8: =INDEX(res_eff!$R$3:$AA$35,MATCH($A8&$B8&$C8,res_eff!$AC$3:$AC$35,0),MATCH(K$2,res_eff!$R$2:$AA$2,0)) -> 2.7 | L8: =INDEX(res_eff!$R$3:$AA$35,MATCH($A8&$B8&$C8,res_eff!$AC$3:$AC$35,0),MATCH(L$2,res_eff!$R$2:$AA$2,0)) -> 2.7 | M8: =INDEX(res_eff!$R$3:$AA$35,MATCH($A8&$B8&$C8,res_eff!$AC$3:$AC$35,0),MATCH(M$2,res_eff!$R$2:$AA$2,0)) -> 2.7 | ... O8: =INDEX(res_eff!$R$3:$AA$35,MATCH($A8&$B8&$C8,res_eff!$AC$3:$AC$35,0),MATCH(O$2,res_eff!$R$2:$AA$2,0)) -> 2.7
A9: resid heating | B9: refined liquids | C9: fuel furnace | D9: refined liquids enduse | E9: =F9 -> 0.84 | F9: =INDEX(res_eff!$R$3:$AA$35,MATCH($A9&$B9&$C9,res_eff!$AC$3:$AC$35,0),MATCH(F$2,res_eff!$R$2:$AA$2,0)) -> 0.84 | G9: =INDEX(res_eff!$R$3:$AA$35,MATCH($A9&$B9&$C9,res_eff!$AC$3:$AC$35,0),MATCH(G$2,res_eff!$R$2:$AA$2,0)) -> 0.84 | H9: =INDEX(res_eff!$R$3:$AA$35,MATCH($A9&$B9&$C9,res_eff!$AC$3:$AC$35,0),MATCH(H$2,res_eff!$R$2:$AA$2,0)) -> 0.84 | I9: =INDEX(res_eff!$R$3:$AA$35,MATCH($A9&$B9&$C9,res_eff!$AC$3:$AC$35,0),MATCH(I$2,res_eff!$R$2:$AA$2,0)) -> 0.84 | J9: =INDEX(res_eff!$R$3:$AA$35,MATCH($A9&$B9&$C9,res_eff!$AC$3:$AC$35,0),MATCH(J$2,res_eff!$R$2:$AA$2,0)) -> 0.84 | K9: =INDEX(res_eff!$R$3:$AA$35,MATCH($A9&$B9&$C9,res_eff!$AC$3:$AC$35,0),MATCH(K$2,res_eff!$R$2:$AA$2,0)) -> 0.84 | L9: =INDEX(res_eff!$R$3:$AA$35,MATCH($A9&$B9&$C9,res_eff!$AC$3:$AC$35,0),MATCH(L$2,res_eff!$R$2:$AA$2,0)) -> 0.84 | M9: =INDEX(res_eff!$R$3:$AA$35,MATCH($A9&$B9&$C9,res_eff!$AC$3:$AC$35,0),MATCH(M$2,res_eff!$R$2:$AA$2,0)) -> 0.84 | ... O9: =INDEX(res_eff!$R$3:$AA$35,MATCH($A9&$B9&$C9,res_eff!$AC$3:$AC$35,0),MATCH(O$2,res_eff!$R$2:$AA$2,0)) -> 0.84
A10: resid heating | B10: refined liquids | C10: fuel furnace hi-eff | D10: refined liquids enduse | E10: =F10 -> 0.85 | F10: =INDEX(res_eff!$R$3:$AA$35,MATCH($A10&$B10&$C10,res_eff!$AC$3:$AC$35,0),MATCH(F$2,res_eff!$R$2:$AA$2,0)) -> 0.85 | G10: =INDEX(res_eff!$R$3:$AA$35,MATCH($A10&$B10&$C10,res_eff!$AC$3:$AC$35,0),MATCH(G$2,res_eff!$R$2:$AA$2,0)) -> 0.85 | H10: =INDEX(res_eff!$R$3:$AA$35,MATCH($A10&$B10&$C10,res_eff!$AC$3:$AC$35,0),MATCH(H$2,res_eff!$R$2:$AA$2,0)) -> 0.85 | I10: =INDEX(res_eff!$R$3:$AA$35,MATCH($A10&$B10&$C10,res_eff!$AC$3:$AC$35,0),MATCH(I$2,res_eff!$R$2:$AA$2,0)) -> 0.85 | J10: =INDEX(res_eff!$R$3:$AA$35,MATCH($A10&$B10&$C10,res_eff!$AC$3:$AC$35,0),MATCH(J$2,res_eff!$R$2:$AA$2,0)) -> 0.85 | K10: =INDEX(res_eff!$R$3:$AA$35,MATCH($A10&$B10&$C10,res_eff!$AC$3:$AC$35,0),MATCH(K$2,res_eff!$R$2:$AA$2,0)) -> 0.85 | L10: =INDEX(res_eff!$R$3:$AA$35,MATCH($A10&$B10&$C10,res_eff!$AC$3:$AC$35,0),MATCH(L$2,res_eff!$R$2:$AA$2,0)) -> 0.85 | M10: =INDEX(res_eff!$R$3:$AA$35,MATCH($A10&$B10&$C10,res_eff!$AC$3:$AC$35,0),MATCH(M$2,res_eff!$R$2:$AA$2,0)) -> 0.85 | ... O10: =INDEX(res_eff!$R$3:$AA$35,MATCH($A10&$B10&$C10,res_eff!$AC$3:$AC$35,0),MATCH(O$2,res_eff!$R$2:$AA$2,0)) -> 0.85
A11: resid cooling | B11: electricity | C11: air conditioning | D11: elect_td_bld | E11: =F11 -> 4.1625933 | F11: =INDEX(res_eff!$R$3:$AA$35,MATCH($A11&$B11&$C11,res_eff!$AC$3:$AC$35,0),MATCH(F$2,res_eff!$R$2:$AA$2,0)) -> 4.1625933 | G11: =INDEX(res_eff!$R$3:$AA$35,MATCH($A11&$B11&$C11,res_eff!$AC$3:$AC$35,0),MATCH(G$2,res_eff!$R$2:$AA$2,0)) -> 4.1625933 | H11: =INDEX(res_eff!$R$3:$AA$35,MATCH($A11&$B11&$C11,res_eff!$AC$3:$AC$35,0),MATCH(H$2,res_eff!$R$2:$AA$2,0)) -> 4.1625933 | I11: =INDEX(res_eff!$R$3:$AA$35,MATCH($A11&$B11&$C11,res_eff!$AC$3:$AC$35,0),MATCH(I$2,res_eff!$R$2:$AA$2,0)) -> 4.3446294 | J11: =INDEX(res_eff!$R$3:$AA$35,MATCH($A11&$B11&$C11,res_eff!$AC$3:$AC$35,0),MATCH(J$2,res_eff!$R$2:$AA$2,0)) -> 4.3446294 | K11: =INDEX(res_eff!$R$3:$AA$35,MATCH($A11&$B11&$C11,res_eff!$AC$3:$AC$35,0),MATCH(K$2,res_eff!$R$2:$AA$2,0)) -> 4.3446294 | L11: =INDEX(res_eff!$R$3:$AA$35,MATCH($A11&$B11&$C11,res_eff!$AC$3:$AC$35,0),MATCH(L$2,res_eff!$R$2:$AA$2,0)) -> 4.3446294 | M11: =INDEX(res_eff!$R$3:$AA$35,MATCH($A11&$B11&$C11,res_eff!$AC$3:$AC$35,0),MATCH(M$2,res_eff!$R$2:$AA$2,0)) -> 4.3446294 | ... O11: =INDEX(res_eff!$R$3:$AA$35,MATCH($A11&$B11&$C11,res_eff!$AC$3:$AC$35,0),MATCH(O$2,res_eff!$R$2:$AA$2,0)) -> 4.3446294
A12: resid cooling | B12: electricity | C12: air conditioning hi-eff | D12: elect_td_bld | E12: =F12 -> 4.69 | F12: =INDEX(res_eff!$R$3:$AA$35,MATCH($A12&$B12&$C12,res_eff!$AC$3:$AC$35,0),MATCH(F$2,res_eff!$R$2:$AA$2,0)) -> 4.69 | G12: =INDEX(res_eff!$R$3:$AA$35,MATCH($A12&$B12&$C12,res_eff!$AC$3:$AC$35,0),MATCH(G$2,res_eff!$R$2:$AA$2,0)) -> 4.69 | H12: =INDEX(res_eff!$R$3:$AA$35,MATCH($A12&$B12&$C12,res_eff!$AC$3:$AC$35,0),MATCH(H$2,res_eff!$R$2:$AA$2,0)) -> 4.69 | I12: =INDEX(res_eff!$R$3:$AA$35,MATCH($A12&$B12&$C12,res_eff!$AC$3:$AC$35,0),MATCH(I$2,res_eff!$R$2:$AA$2,0)) -> 4.8720361 | J12: =INDEX(res_eff!$R$3:$AA$35,MATCH($A12&$B12&$C12,res_eff!$AC$3:$AC$35,0),MATCH(J$2,res_eff!$R$2:$AA$2,0)) -> 4.8720361 | K12: =INDEX(res_eff!$R$3:$AA$35,MATCH($A12&$B12&$C12,res_eff!$AC$3:$AC$35,0),MATCH(K$2,res_eff!$R$2:$AA$2,0)) -> 4.8720361 | L12: =INDEX(res_eff!$R$3:$AA$35,MATCH($A12&$B12&$C12,res_eff!$AC$3:$AC$35,0),MATCH(L$2,res_eff!$R$2:$AA$2,0)) -> 4.8720361 | M12: =INDEX(res_eff!$R$3:$AA$35,MATCH($A12&$B12&$C12,res_eff!$AC$3:$AC$35,0),MATCH(M$2,res_eff!$R$2:$AA$2,0)) -> 4.8720361 | ... O12: =INDEX(res_eff!$R$3:$AA$35,MATCH($A12&$B12&$C12,res_eff!$AC$3:$AC$35,0),MATCH(O$2,res_eff!$R$2:$AA$2,0)) -> 4.8720361
A13: resid hot water | B13: gas | C13: gas water heater | D13: delivered gas | E13: =F13 -> 0.63 | F13: =INDEX(res_eff!$R$3:$AA$35,MATCH($A13&$B13&$C13,res_eff!$AC$3:$AC$35,0),MATCH(F$2,res_eff!$R$2:$AA$2,0)) -> 0.63 | G13: =INDEX(res_eff!$R$3:$AA$35,MATCH($A13&$B13&$C13,res_eff!$AC$3:$AC$35,0),MATCH(G$2,res_eff!$R$2:$AA$2,0)) -> 0.63 | H13: =INDEX(res_eff!$R$3:$AA$35,MATCH($A13&$B13&$C13,res_eff!$AC$3:$AC$35,0),MATCH(H$2,res_eff!$R$2:$AA$2,0)) -> 0.63 | I13: =INDEX(res_eff!$R$3:$AA$35,MATCH($A13&$B13&$C13,res_eff!$AC$3:$AC$35,0),MATCH(I$2,res_eff!$R$2:$AA$2,0)) -> 0.63 | J13: =INDEX(res_eff!$R$3:$AA$35,MATCH($A13&$B13&$C13,res_eff!$AC$3:$AC$35,0),MATCH(J$2,res_eff!$R$2:$AA$2,0)) -> 0.63 | K13: =INDEX(res_eff!$R$3:$AA$35,MATCH($A13&$B13&$C13,res_eff!$AC$3:$AC$35,0),MATCH(K$2,res_eff!$R$2:$AA$2,0)) -> 0.63 | L13: =INDEX(res_eff!$R$3:$AA$35,MATCH($A13&$B13&$C13,res_eff!$AC$3:$AC$35,0),MATCH(L$2,res_eff!$R$2:$AA$2,0)) -> 0.63 | M13: =INDEX(res_eff!$R$3:$AA$35,MATCH($A13&$B13&$C13,res_eff!$AC$3:$AC$35,0),MATCH(M$2,res_eff!$R$2:$AA$2,0)) -> 0.63 | ... O13: =INDEX(res_eff!$R$3:$AA$35,MATCH($A13&$B13&$C13,res_eff!$AC$3:$AC$35,0),MATCH(O$2,res_eff!$R$2:$AA$2,0)) -> 0.63
A14: resid hot water | B14: gas | C14: gas water heater hi-eff | D14: delivered gas | E14: =F14 -> 0.68 | F14: =INDEX(res_eff!$R$3:$AA$35,MATCH($A14&$B14&$C14,res_eff!$AC$3:$AC$35,0),MATCH(F$2,res_eff!$R$2:$AA$2,0)) -> 0.68 | G14: =INDEX(res_eff!$R$3:$AA$35,MATCH($A14&$B14&$C14,res_eff!$AC$3:$AC$35,0),MATCH(G$2,res_eff!$R$2:$AA$2,0)) -> 0.68 | H14: =INDEX(res_eff!$R$3:$AA$35,MATCH($A14&$B14&$C14,res_eff!$AC$3:$AC$35,0),MATCH(H$2,res_eff!$R$2:$AA$2,0)) -> 0.68 | I14: =INDEX(res_eff!$R$3:$AA$35,MATCH($A14&$B14&$C14,res_eff!$AC$3:$AC$35,0),MATCH(I$2,res_eff!$R$2:$AA$2,0)) -> 0.68 | J14: =INDEX(res_eff!$R$3:$AA$35,MATCH($A14&$B14&$C14,res_eff!$AC$3:$AC$35,0),MATCH(J$2,res_eff!$R$2:$AA$2,0)) -> 0.68 | K14: =INDEX(res_eff!$R$3:$AA$35,MATCH($A14&$B14&$C14,res_eff!$AC$3:$AC$35,0),MATCH(K$2,res_eff!$R$2:$AA$2,0)) -> 0.68 | L14: =INDEX(res_eff!$R$3:$AA$35,MATCH($A14&$B14&$C14,res_eff!$AC$3:$AC$35,0),MATCH(L$2,res_eff!$R$2:$AA$2,0)) -> 0.68 | M14: =INDEX(res_eff!$R$3:$AA$35,MATCH($A14&$B14&$C14,res_eff!$AC$3:$AC$35,0),MATCH(M$2,res_eff!$R$2:$AA$2,0)) -> 0.68 | ... O14: =INDEX(res_eff!$R$3:$AA$35,MATCH($A14&$B14&$C14,res_eff!$AC$3:$AC$35,0),MATCH(O$2,res_eff!$R$2:$AA$2,0)) -> 0.68
A15: resid hot water | B15: electricity | C15: electric resistance water heater | D15: elect_td_bld | E15: =F15 -> 0.93 | F15: =INDEX(res_eff!$R$3:$AA$35,MATCH($A15&$B15&$C15,res_eff!$AC$3:$AC$35,0),MATCH(F$2,res_eff!$R$2:$AA$2,0)) -> 0.93 | G15: =INDEX(res_eff!$R$3:$AA$35,MATCH($A15&$B15&$C15,res_eff!$AC$3:$AC$35,0),MATCH(G$2,res_eff!$R$2:$AA$2,0)) -> 0.93 | H15: =INDEX(res_eff!$R$3:$AA$35,MATCH($A15&$B15&$C15,res_eff!$AC$3:$AC$35,0),MATCH(H$2,res_eff!$R$2:$AA$2,0)) -> 0.93 | I15: =INDEX(res_eff!$R$3:$AA$35,MATCH($A15&$B15&$C15,res_eff!$AC$3:$AC$35,0),MATCH(I$2,res_eff!$R$2:$AA$2,0)) -> 0.93 | J15: =INDEX(res_eff!$R$3:$AA$35,MATCH($A15&$B15&$C15,res_eff!$AC$3:$AC$35,0),MATCH(J$2,res_eff!$R$2:$AA$2,0)) -> 0.93 | K15: =INDEX(res_eff!$R$3:$AA$35,MATCH($A15&$B15&$C15,res_eff!$AC$3:$AC$35,0),MATCH(K$2,res_eff!$R$2:$AA$2,0)) -> 0.93 | L15: =INDEX(res_eff!$R$3:$AA$35,MATCH($A15&$B15&$C15,res_eff!$AC$3:$AC$35,0),MATCH(L$2,res_eff!$R$2:$AA$2,0)) -> 0.93 | M15: =INDEX(res_eff!$R$3:$AA$35,MATCH($A15&$B15&$C15,res_eff!$AC$3:$AC$35,0),MATCH(M$2,res_eff!$R$2:$AA$2,0)) -> 0.93 | ... O15: =INDEX(res_eff!$R$3:$AA$35,MATCH($A15&$B15&$C15,res_eff!$AC$3:$AC$35,0),MATCH(O$2,res_eff!$R$2:$AA$2,0)) -> 0.93
A16: resid hot water | B16: electricity | C16: electric resistance water heater hi-eff | D16: elect_td_bld | E16: =F16 -> 3.3 | F16: =INDEX(res_eff!$R$3:$AA$35,MATCH($A16&$B16&$C16,res_eff!$AC$3:$AC$35,0),MATCH(F$2,res_eff!$R$2:$AA$2,0)) -> 3.3 | G16: =INDEX(res_eff!$R$3:$AA$35,MATCH($A16&$B16&$C16,res_eff!$AC$3:$AC$35,0),MATCH(G$2,res_eff!$R$2:$AA$2,0)) -> 3.3 | H16: =INDEX(res_eff!$R$3:$AA$35,MATCH($A16&$B16&$C16,res_eff!$AC$3:$AC$35,0),MATCH(H$2,res_eff!$R$2:$AA$2,0)) -> 3.3 | I16: =INDEX(res_eff!$R$3:$AA$35,MATCH($A16&$B16&$C16,res_eff!$AC$3:$AC$35,0),MATCH(I$2,res_eff!$R$2:$AA$2,0)) -> 3.3 | J16: =INDEX(res_eff!$R$3:$AA$35,MATCH($A16&$B16&$C16,res_eff!$AC$3:$AC$35,0),MATCH(J$2,res_eff!$R$2:$AA$2,0)) -> 3.3 | K16: =INDEX(res_eff!$R$3:$AA$35,MATCH($A16&$B16&$C16,res_eff!$AC$3:$AC$35,0),MATCH(K$2,res_eff!$R$2:$AA$2,0)) -> 3.3 | L16: =INDEX(res_eff!$R$3:$AA$35,MATCH($A16&$B16&$C16,res_eff!$AC$3:$AC$35,0),MATCH(L$2,res_eff!$R$2:$AA$2,0)) -> 3.3 | M16: =INDEX(res_eff!$R$3:$AA$35,MATCH($A16&$B16&$C16,res_eff!$AC$3:$AC$35,0),MATCH(M$2,res_eff!$R$2:$AA$2,0)) -> 3.3 | ... O16: =INDEX(res_eff!$R$3:$AA$35,MATCH($A16&$B16&$C16,res_eff!$AC$3:$AC$35,0),MATCH(O$2,res_eff!$R$2:$AA$2,0)) -> 3.3
... A31: resid cooking | B31: gas | C31: gas oven hi-eff | D31: delivered gas | E31: =F31 -> 0.45 | F31: =INDEX(res_eff!$R$3:$AA$35,MATCH($A31&$B31&$C31,res_eff!$AC$3:$AC$35,0),MATCH(F$2,res_eff!$R$2:$AA$2,0)) -> 0.45 | G31: =INDEX(res_eff!$R$3:$AA$35,MATCH($A31&$B31&$C31,res_eff!$AC$3:$AC$35,0),MATCH(G$2,res_eff!$R$2:$AA$2,0)) -> 0.45 | H31: =INDEX(res_eff!$R$3:$AA$35,MATCH($A31&$B31&$C31,res_eff!$AC$3:$AC$35,0),MATCH(H$2,res_eff!$R$2:$AA$2,0)) -> 0.45 | I31: =INDEX(res_eff!$R$3:$AA$35,MATCH($A31&$B31&$C31,res_eff!$AC$3:$AC$35,0),MATCH(I$2,res_eff!$R$2:$AA$2,0)) -> 0.45 | J31: =INDEX(res_eff!$R$3:$AA$35,MATCH($A31&$B31&$C31,res_eff!$AC$3:$AC$35,0),MATCH(J$2,res_eff!$R$2:$AA$2,0)) -> 0.45 | K31: =INDEX(res_eff!$R$3:$AA$35,MATCH($A31&$B31&$C31,res_eff!$AC$3:$AC$35,0),MATCH(K$2,res_eff!$R$2:$AA$2,0)) -> 0.45 | L31: =INDEX(res_eff!$R$3:$AA$35,MATCH($A31&$B31&$C31,res_eff!$AC$3:$AC$35,0),MATCH(L$2,res_eff!$R$2:$AA$2,0)) -> 0.45 | M31: =INDEX(res_eff!$R$3:$AA$35,MATCH($A31&$B31&$C31,res_eff!$AC$3:$AC$35,0),MATCH(M$2,res_eff!$R$2:$AA$2,0)) -> 0.45 | ... O31: =INDEX(res_eff!$R$3:$AA$35,MATCH($A31&$B31&$C31,res_eff!$AC$3:$AC$35,0),MATCH(O$2,res_eff!$R$2:$AA$2,0)) -> 0.45
A32: resid cooking | B32: refined liquids | C32: lpg oven | D32: refined liquids enduse | E32: 0.399 | F32: 0.399 | G32: 0.399 | H32: 0.399 | I32: 0.399 | J32: 0.399 | K32: 0.399 | L32: 0.399 | M32: 0.399 | N32: 0.399 | O32: 0.399
A33: resid cooking | B33: refined liquids | C33: lpg oven hi-eff | D33: refined liquids enduse | E33: 0.42 | F33: 0.42 | G33: 0.42 | H33: 0.42 | I33: 0.42 | J33: 0.42 | K33: 0.42 | L33: 0.42 | M33: 0.42 | N33: 0.42 | O33: 0.42
A34: resid clothes dryers | B34: electricity | C34: clothes dryer | D34: elect_td_bld | E34: =F34 -> 471.65556 | F34: =INDEX(res_eff!$R$3:$AA$35,MATCH($A34&$B34&$C34,res_eff!$AC$3:$AC$35,0),MATCH(F$2,res_eff!$R$2:$AA$2,0)) -> 471.65556 | G34: =INDEX(res_eff!$R$3:$AA$35,MATCH($A34&$B34&$C34,res_eff!$AC$3:$AC$35,0),MATCH(G$2,res_eff!$R$2:$AA$2,0)) -> 471.65556 | H34: =INDEX(res_eff!$R$3:$AA$35,MATCH($A34&$B34&$C34,res_eff!$AC$3:$AC$35,0),MATCH(H$2,res_eff!$R$2:$AA$2,0)) -> 471.65556 | I34: =INDEX(res_eff!$R$3:$AA$35,MATCH($A34&$B34&$C34,res_eff!$AC$3:$AC$35,0),MATCH(I$2,res_eff!$R$2:$AA$2,0)) -> 471.65556 | J34: =INDEX(res_eff!$R$3:$AA$35,MATCH($A34&$B34&$C34,res_eff!$AC$3:$AC$35,0),MATCH(J$2,res_eff!$R$2:$AA$2,0)) -> 471.65556 | K34: =INDEX(res_eff!$R$3:$AA$35,MATCH($A34&$B34&$C34,res_eff!$AC$3:$AC$35,0),MATCH(K$2,res_eff!$R$2:$AA$2,0)) -> 471.65556 | L34: =INDEX(res_eff!$R$3:$AA$35,MATCH($A34&$B34&$C34,res_eff!$AC$3:$AC$35,0),MATCH(L$2,res_eff!$R$2:$AA$2,0)) -> 471.65556 | M34: =INDEX(res_eff!$R$3:$AA$35,MATCH($A34&$B34&$C34,res_eff!$AC$3:$AC$35,0),MATCH(M$2,res_eff!$R$2:$AA$2,0)) -> 471.65556 | ... O34: =INDEX(res_eff!$R$3:$AA$35,MATCH($A34&$B34&$C34,res_eff!$AC$3:$AC$35,0),MATCH(O$2,res_eff!$R$2:$AA$2,0)) -> 471.65556
A35: resid clothes dryers | B35: electricity | C35: clothes dryer hi-eff | D35: elect_td_bld | E35: =F35 -> 495.61667 | F35: =INDEX(res_eff!$R$3:$AA$35,MATCH($A35&$B35&$C35,res_eff!$AC$3:$AC$35,0),MATCH(F$2,res_eff!$R$2:$AA$2,0)) -> 495.61667 | G35: =INDEX(res_eff!$R$3:$AA$35,MATCH($A35&$B35&$C35,res_eff!$AC$3:$AC$35,0),MATCH(G$2,res_eff!$R$2:$AA$2,0)) -> 495.61667 | H35: =INDEX(res_eff!$R$3:$AA$35,MATCH($A35&$B35&$C35,res_eff!$AC$3:$AC$35,0),MATCH(H$2,res_eff!$R$2:$AA$2,0)) -> 495.61667 | I35: =INDEX(res_eff!$R$3:$AA$35,MATCH($A35&$B35&$C35,res_eff!$AC$3:$AC$35,0),MATCH(I$2,res_eff!$R$2:$AA$2,0)) -> 495.61667 | J35: =INDEX(res_eff!$R$3:$AA$35,MATCH($A35&$B35&$C35,res_eff!$AC$3:$AC$35,0),MATCH(J$2,res_eff!$R$2:$AA$2,0)) -> 495.61667 | K35: =INDEX(res_eff!$R$3:$AA$35,MATCH($A35&$B35&$C35,res_eff!$AC$3:$AC$35,0),MATCH(K$2,res_eff!$R$2:$AA$2,0)) -> 495.61667 | L35: =INDEX(res_eff!$R$3:$AA$35,MATCH($A35&$B35&$C35,res_eff!$AC$3:$AC$35,0),MATCH(L$2,res_eff!$R$2:$AA$2,0)) -> 495.61667 | M35: =INDEX(res_eff!$R$3:$AA$35,MATCH($A35&$B35&$C35,res_eff!$AC$3:$AC$35,0),MATCH(M$2,res_eff!$R$2:$AA$2,0)) -> 495.61667 | ... O35: =INDEX(res_eff!$R$3:$AA$35,MATCH($A35&$B35&$C35,res_eff!$AC$3:$AC$35,0),MATCH(O$2,res_eff!$R$2:$AA$2,0)) -> 495.61667
A36: resid clothes dryers | B36: gas | C36: clothes dryer | D36: delivered gas | E36: =F36 -> 418.68889 | F36: =INDEX(res_eff!$R$3:$AA$35,MATCH($A36&$B36&$C36,res_eff!$AC$3:$AC$35,0),MATCH(F$2,res_eff!$R$2:$AA$2,0)) -> 418.68889 | G36: =INDEX(res_eff!$R$3:$AA$35,MATCH($A36&$B36&$C36,res_eff!$AC$3:$AC$35,0),MATCH(G$2,res_eff!$R$2:$AA$2,0)) -> 418.68889 | H36: =INDEX(res_eff!$R$3:$AA$35,MATCH($A36&$B36&$C36,res_eff!$AC$3:$AC$35,0),MATCH(H$2,res_eff!$R$2:$AA$2,0)) -> 418.68889 | I36: =INDEX(res_eff!$R$3:$AA$35,MATCH($A36&$B36&$C36,res_eff!$AC$3:$AC$35,0),MATCH(I$2,res_eff!$R$2:$AA$2,0)) -> 418.68889 | J36: =INDEX(res_eff!$R$3:$AA$35,MATCH($A36&$B36&$C36,res_eff!$AC$3:$AC$35,0),MATCH(J$2,res_eff!$R$2:$AA$2,0)) -> 418.68889 | K36: =INDEX(res_eff!$R$3:$AA$35,MATCH($A36&$B36&$C36,res_eff!$AC$3:$AC$35,0),MATCH(K$2,res_eff!$R$2:$AA$2,0)) -> 418.68889 | L36: =INDEX(res_eff!$R$3:$AA$35,MATCH($A36&$B36&$C36,res_eff!$AC$3:$AC$35,0),MATCH(L$2,res_eff!$R$2:$AA$2,0)) -> 418.68889 | M36: =INDEX(res_eff!$R$3:$AA$35,MATCH($A36&$B36&$C36,res_eff!$AC$3:$AC$35,0),MATCH(M$2,res_eff!$R$2:$AA$2,0)) -> 418.68889 | ... O36: =INDEX(res_eff!$R$3:$AA$35,MATCH($A36&$B36&$C36,res_eff!$AC$3:$AC$35,0),MATCH(O$2,res_eff!$R$2:$AA$2,0)) -> 418.68889
A37: resid clothes washers | B37: electricity | C37: clothes washer | D37: elect_td_bld | E37: =F37 -> 1234.5679 | F37: =INDEX(res_eff!$R$3:$AA$35,MATCH($A37&$B37&$C37,res_eff!$AC$3:$AC$35,0),MATCH(F$2,res_eff!$R$2:$AA$2,0)) -> 1234.5679 | G37: =INDEX(res_eff!$R$3:$AA$35,MATCH($A37&$B37&$C37,res_eff!$AC$3:$AC$35,0),MATCH(G$2,res_eff!$R$2:$AA$2,0)) -> 1234.5679 | H37: =INDEX(res_eff!$R$3:$AA$35,MATCH($A37&$B37&$C37,res_eff!$AC$3:$AC$35,0),MATCH(H$2,res_eff!$R$2:$AA$2,0)) -> 1234.5679 | I37: =INDEX(res_eff!$R$3:$AA$35,MATCH($A37&$B37&$C37,res_eff!$AC$3:$AC$35,0),MATCH(I$2,res_eff!$R$2:$AA$2,0)) -> 1234.5679 | J37: =INDEX(res_eff!$R$3:$AA$35,MATCH($A37&$B37&$C37,res_eff!$AC$3:$AC$35,0),MATCH(J$2,res_eff!$R$2:$AA$2,0)) -> 1355.0136 | K37: =INDEX(res_eff!$R$3:$AA$35,MATCH($A37&$B37&$C37,res_eff!$AC$3:$AC$35,0),MATCH(K$2,res_eff!$R$2:$AA$2,0)) -> 1355.0136 | L37: =INDEX(res_eff!$R$3:$AA$35,MATCH($A37&$B37&$C37,res_eff!$AC$3:$AC$35,0),MATCH(L$2,res_eff!$R$2:$AA$2,0)) -> 1355.0136 | M37: =INDEX(res_eff!$R$3:$AA$35,MATCH($A37&$B37&$C37,res_eff!$AC$3:$AC$35,0),MATCH(M$2,res_eff!$R$2:$AA$2,0)) -> 1355.0136 | ... O37: =INDEX(res_eff!$R$3:$AA$35,MATCH($A37&$B37&$C37,res_eff!$AC$3:$AC$35,0),MATCH(O$2,res_eff!$R$2:$AA$2,0)) -> 1355.0136
A38: resid clothes washers | B38: electricity | C38: clothes washer hi-eff | D38: elect_td_bld | E38: =F38 -> 1234.5679 | F38: =INDEX(res_eff!$R$3:$AA$35,MATCH($A38&$B38&$C38,res_eff!$AC$3:$AC$35,0),MATCH(F$2,res_eff!$R$2:$AA$2,0)) -> 1234.5679 | G38: =INDEX(res_eff!$R$3:$AA$35,MATCH($A38&$B38&$C38,res_eff!$AC$3:$AC$35,0),MATCH(G$2,res_eff!$R$2:$AA$2,0)) -> 1234.5679 | H38: =INDEX(res_eff!$R$3:$AA$35,MATCH($A38&$B38&$C38,res_eff!$AC$3:$AC$35,0),MATCH(H$2,res_eff!$R$2:$AA$2,0)) -> 1234.5679 | I38: =INDEX(res_eff!$R$3:$AA$35,MATCH($A38&$B38&$C38,res_eff!$AC$3:$AC$35,0),MATCH(I$2,res_eff!$R$2:$AA$2,0)) -> 1234.5679 | J38: =INDEX(res_eff!$R$3:$AA$35,MATCH($A38&$B38&$C38,res_eff!$AC$3:$AC$35,0),MATCH(J$2,res_eff!$R$2:$AA$2,0)) -> 1355.0136 | K38: =INDEX(res_eff!$R$3:$AA$35,MATCH($A38&$B38&$C38,res_eff!$AC$3:$AC$35,0),MATCH(K$2,res_eff!$R$2:$AA$2,0)) -> 1355.0136 | L38: =INDEX(res_eff!$R$3:$AA$35,MATCH($A38&$B38&$C38,res_eff!$AC$3:$AC$35,0),MATCH(L$2,res_eff!$R$2:$AA$2,0)) -> 1355.0136 | M38: =INDEX(res_eff!$R$3:$AA$35,MATCH($A38&$B38&$C38,res_eff!$AC$3:$AC$35,0),MATCH(M$2,res_eff!$R$2:$AA$2,0)) -> 1355.0136 | ... O38: =INDEX(res_eff!$R$3:$AA$35,MATCH($A38&$B38&$C38,res_eff!$AC$3:$AC$35,0),MATCH(O$2,res_eff!$R$2:$AA$2,0)) -> 1355.0136
A39: resid televisions | B39: electricity | C39: electricity | D39: elect_td_bld | E39: =F39 -> 1 | F39: 1 | G39: 1.1 | H39: 1.25 | I39: 1.35 | J39: 1.35 | K39: 1.35 | L39: 1.35 | M39: 1.35 | N39: 1.35 | O39: 1.35
A40: resid computers | B40: electricity | C40: electricity | D40: elect_td_bld | E40: =F40 -> 1 | F40: 1 | G40: 1.25 | H40: 1.5 | I40: 1.9 | J40: 2.4 | K40: 3 | L40: 3.8 | M40: 3.8 | N40: 3.8 | O40: 3.8
A41: resid furnace fans | B41: electricity | C41: electricity | D41: elect_td_bld | E41: =F41 -> 1 | F41: 1 | G41: 1.17 | H41: 1.33 | I41: 1.5 | J41: 1.67 | K41: 1.83 | L41: 2 | M41: 2 | N41: 2 | O41: 2
A42: resid other | B42: gas | C42: gas | D42: delivered gas | E42: =F42 -> 1 | F42: 1 | G42: 1 | H42: 1 | I42: 1 | J42: 1 | K42: 1 | L42: 1 | M42: 1 | N42: 1 | O42: 1
A43: resid other | B43: electricity | C43: electricity | D43: elect_td_bld | E43: =F43 -> 1 | F43: 1 | G43: 1 | H43: 1 | I43: 1 | J43: 1 | K43: 1 | L43: 1 | M43: 1 | N43: 1 | O43: 1
A44: resid other | B44: refined liquids | C44: refined liquids | D44: refined liquids enduse | E44: =F44 -> 1 | F44: 1 | G44: 1 | H44: 1 | I44: 1 | J44: 1 | K44: 1 | L44: 1 | M44: 1 | N44: 1 | O44: 1
A45: comm heating | B45: biomass | C45: wood furnace | D45: delivered biomass | E45: =F45 -> 0.65 | F45: 0.65 | G45: 0.65 | H45: 0.65 | I45: 0.65 | J45: 0.65 | K45: 0.65 | L45: 0.65 | M45: 0.65 | N45: 0.65 | O45: 0.65
A46: comm heating | B46: coal | C46: coal furnace | D46: delivered coal | E46: =F46 -> 0.65 | F46: 0.65 | G46: 0.65 | H46: 0.65 | I46: 0.65 | J46: 0.65 | K46: 0.65 | L46: 0.65 | M46: 0.65 | N46: 0.65 | O46: 0.65
A47: comm heating | B47: gas | C47: gas furnace | D47: delivered gas | E47: =F47 -> 0.79385088 | F47: =INDEX(comm_eff!$D$3:$M$26,MATCH($A47&$B47&$C47,comm_eff!$O$3:$O$26,0),MATCH(F$2,comm_eff!$D$2:$M$2,0)) -> 0.79385088 | G47: =INDEX(comm_eff!$D$3:$M$26,MATCH($A47&$B47&$C47,comm_eff!$O$3:$O$26,0),MATCH(G$2,comm_eff!$D$2:$M$2,0)) -> 0.79385088 | H47: =INDEX(comm_eff!$D$3:$M$26,MATCH($A47&$B47&$C47,comm_eff!$O$3:$O$26,0),MATCH(H$2,comm_eff!$D$2:$M$2,0)) -> 0.79385088 | I47: =INDEX(comm_eff!$D$3:$M$26,MATCH($A47&$B47&$C47,comm_eff!$O$3:$O$26,0),MATCH(I$2,comm_eff!$D$2:$M$2,0)) -> 0.79822594 | J47: =INDEX(comm_eff!$D$3:$M$26,MATCH($A47&$B47&$C47,comm_eff!$O$3:$O$26,0),MATCH(J$2,comm_eff!$D$2:$M$2,0)) -> 0.8012811 | K47: =INDEX(comm_eff!$D$3:$M$26,MATCH($A47&$B47&$C47,comm_eff!$O$3:$O$26,0),MATCH(K$2,comm_eff!$D$2:$M$2,0)) -> 0.8032217 | L47: =INDEX(comm_eff!$D$3:$M$26,MATCH($A47&$B47&$C47,comm_eff!$O$3:$O$26,0),MATCH(L$2,comm_eff!$D$2:$M$2,0)) -> 0.80408114 | M47: =INDEX(comm_eff!$D$3:$M$26,MATCH($A47&$B47&$C47,comm_eff!$O$3:$O$26,0),MATCH(M$2,comm_eff!$D$2:$M$2,0)) -> 0.8043809 | ... O47: =INDEX(comm_eff!$D$3:$M$26,MATCH($A47&$B47&$C47,comm_eff!$O$3:$O$26,0),MATCH(O$2,comm_eff!$D$2:$M$2,0)) -> 0.80454163
A48: comm heating | B48: gas | C48: gas furnace hi-eff | D48: delivered gas | E48: =F48 -> 0.79385088 | F48: =INDEX(comm_eff!$D$3:$M$26,MATCH($A48&$B48&$C48,comm_eff!$O$3:$O$26,0),MATCH(F$2,comm_eff!$D$2:$M$2,0)) -> 0.79385088 | G48: =INDEX(comm_eff!$D$3:$M$26,MATCH($A48&$B48&$C48,comm_eff!$O$3:$O$26,0),MATCH(G$2,comm_eff!$D$2:$M$2,0)) -> 0.79385088 | H48: =INDEX(comm_eff!$D$3:$M$26,MATCH($A48&$B48&$C48,comm_eff!$O$3:$O$26,0),MATCH(H$2,comm_eff!$D$2:$M$2,0)) -> 0.79385088 | I48: =INDEX(comm_eff!$D$3:$M$26,MATCH($A48&$B48&$C48,comm_eff!$O$3:$O$26,0),MATCH(I$2,comm_eff!$D$2:$M$2,0)) -> 0.79822594 | J48: =INDEX(comm_eff!$D$3:$M$26,MATCH($A48&$B48&$C48,comm_eff!$O$3:$O$26,0),MATCH(J$2,comm_eff!$D$2:$M$2,0)) -> 0.8012811 | K48: =INDEX(comm_eff!$D$3:$M$26,MATCH($A48&$B48&$C48,comm_eff!$O$3:$O$26,0),MATCH(K$2,comm_eff!$D$2:$M$2,0)) -> 0.8032217 | L48: =INDEX(comm_eff!$D$3:$M$26,MATCH($A48&$B48&$C48,comm_eff!$O$3:$O$26,0),MATCH(L$2,comm_eff!$D$2:$M$2,0)) -> 0.80408114 | M48: =INDEX(comm_eff!$D$3:$M$26,MATCH($A48&$B48&$C48,comm_eff!$O$3:$O$26,0),MATCH(M$2,comm_eff!$D$2:$M$2,0)) -> 0.8043809 | ... O48: =INDEX(comm_eff!$D$3:$M$26,MATCH($A48&$B48&$C48,comm_eff!$O$3:$O$26,0),MATCH(O$2,comm_eff!$D$2:$M$2,0)) -> 0.80454163
A49: comm heating | B49: electricity | C49: electric furnace | D49: elect_td_bld | E49: =F49 -> 1 | F49: =INDEX(comm_eff!$D$3:$M$26,MATCH($A49&$B49&$C49,comm_eff!$O$3:$O$26,0),MATCH(F$2,comm_eff!$D$2:$M$2,0)) -> 1 | G49: =INDEX(comm_eff!$D$3:$M$26,MATCH($A49&$B49&$C49,comm_eff!$O$3:$O$26,0),MATCH(G$2,comm_eff!$D$2:$M$2,0)) -> 1 | H49: =INDEX(comm_eff!$D$3:$M$26,MATCH($A49&$B49&$C49,comm_eff!$O$3:$O$26,0),MATCH(H$2,comm_eff!$D$2:$M$2,0)) -> 1 | I49: =INDEX(comm_eff!$D$3:$M$26,MATCH($A49&$B49&$C49,comm_eff!$O$3:$O$26,0),MATCH(I$2,comm_eff!$D$2:$M$2,0)) -> 1 | J49: =INDEX(comm_eff!$D$3:$M$26,MATCH($A49&$B49&$C49,comm_eff!$O$3:$O$26,0),MATCH(J$2,comm_eff!$D$2:$M$2,0)) -> 1 | K49: =INDEX(comm_eff!$D$3:$M$26,MATCH($A49&$B49&$C49,comm_eff!$O$3:$O$26,0),MATCH(K$2,comm_eff!$D$2:$M$2,0)) -> 1 | L49: =INDEX(comm_eff!$D$3:$M$26,MATCH($A49&$B49&$C49,comm_eff!$O$3:$O$26,0),MATCH(L$2,comm_eff!$D$2:$M$2,0)) -> 1 | M49: =INDEX(comm_eff!$D$3:$M$26,MATCH($A49&$B49&$C49,comm_eff!$O$3:$O$26,0),MATCH(M$2,comm_eff!$D$2:$M$2,0)) -> 1 | ... O49: =INDEX(comm_eff!$D$3:$M$26,MATCH($A49&$B49&$C49,comm_eff!$O$3:$O$26,0),MATCH(O$2,comm_eff!$D$2:$M$2,0)) -> 1
A50: comm heating | B50: electricity | C50: electric heat pump | D50: elect_td_bld | E50: =F50 -> 3.4 | F50: =INDEX(comm_eff!$D$3:$M$26,MATCH($A50&$B50&$C50,comm_eff!$O$3:$O$26,0),MATCH(F$2,comm_eff!$D$2:$M$2,0)) -> 3.4 | G50: =INDEX(comm_eff!$D$3:$M$26,MATCH($A50&$B50&$C50,comm_eff!$O$3:$O$26,0),MATCH(G$2,comm_eff!$D$2:$M$2,0)) -> 3.4 | H50: =INDEX(comm_eff!$D$3:$M$26,MATCH($A50&$B50&$C50,comm_eff!$O$3:$O$26,0),MATCH(H$2,comm_eff!$D$2:$M$2,0)) -> 3.4 | I50: =INDEX(comm_eff!$D$3:$M$26,MATCH($A50&$B50&$C50,comm_eff!$O$3:$O$26,0),MATCH(I$2,comm_eff!$D$2:$M$2,0)) -> 3.4 | J50: =INDEX(comm_eff!$D$3:$M$26,MATCH($A50&$B50&$C50,comm_eff!$O$3:$O$26,0),MATCH(J$2,comm_eff!$D$2:$M$2,0)) -> 3.4 | K50: =INDEX(comm_eff!$D$3:$M$26,MATCH($A50&$B50&$C50,comm_eff!$O$3:$O$26,0),MATCH(K$2,comm_eff!$D$2:$M$2,0)) -> 3.4 | L50: =INDEX(comm_eff!$D$3:$M$26,MATCH($A50&$B50&$C50,comm_eff!$O$3:$O$26,0),MATCH(L$2,comm_eff!$D$2:$M$2,0)) -> 3.4 | M50: =INDEX(comm_eff!$D$3:$M$26,MATCH($A50&$B50&$C50,comm_eff!$O$3:$O$26,0),MATCH(M$2,comm_eff!$D$2:$M$2,0)) -> 3.4 | ... O50: =INDEX(comm_eff!$D$3:$M$26,MATCH($A50&$B50&$C50,comm_eff!$O$3:$O$26,0),MATCH(O$2,comm_eff!$D$2:$M$2,0)) -> 3.4
A51: comm heating | B51: refined liquids | C51: fuel furnace | D51: refined liquids enduse | E51: =F51 -> 0.80031962 | F51: =INDEX(comm_eff!$D$3:$M$26,MATCH($A51&$B51&$C51,comm_eff!$O$3:$O$26,0),MATCH(F$2,comm_eff!$D$2:$M$2,0)) -> 0.80031962 | G51: =INDEX(comm_eff!$D$3:$M$26,MATCH($A51&$B51&$C51,comm_eff!$O$3:$O$26,0),MATCH(G$2,comm_eff!$D$2:$M$2,0)) -> 0.80031962 | H51: =INDEX(comm_eff!$D$3:$M$26,MATCH($A51&$B51&$C51,comm_eff!$O$3:$O$26,0),MATCH(H$2,comm_eff!$D$2:$M$2,0)) -> 0.80031962 | I51: =INDEX(comm_eff!$D$3:$M$26,MATCH($A51&$B51&$C51,comm_eff!$O$3:$O$26,0),MATCH(I$2,comm_eff!$D$2:$M$2,0)) -> 0.81162043 | J51: =INDEX(comm_eff!$D$3:$M$26,MATCH($A51&$B51&$C51,comm_eff!$O$3:$O$26,0),MATCH(J$2,comm_eff!$D$2:$M$2,0)) -> 0.81760054 | K51: =INDEX(comm_eff!$D$3:$M$26,MATCH($A51&$B51&$C51,comm_eff!$O$3:$O$26,0),MATCH(K$2,comm_eff!$D$2:$M$2,0)) -> 0.82126588 | L51: =INDEX(comm_eff!$D$3:$M$26,MATCH($A51&$B51&$C51,comm_eff!$O$3:$O$26,0),MATCH(L$2,comm_eff!$D$2:$M$2,0)) -> 0.82367372 | M51: =INDEX(comm_eff!$D$3:$M$26,MATCH($A51&$B51&$C51,comm_eff!$O$3:$O$26,0),MATCH(M$2,comm_eff!$D$2:$M$2,0)) -> 0.82534508 | ... O51: =INDEX(comm_eff!$D$3:$M$26,MATCH($A51&$B51&$C51,comm_eff!$O$3:$O$26,0),MATCH(O$2,comm_eff!$D$2:$M$2,0)) -> 0.82653347
A52: comm cooling | B52: gas | C52: gas cooling | D52: delivered gas | E52: =F52 -> 1.2986417 | F52: =INDEX(comm_eff!$D$3:$M$26,MATCH($A52&$B52&$C52,comm_eff!$O$3:$O$26,0),MATCH(F$2,comm_eff!$D$2:$M$2,0)) -> 1.2986417 | G52: =INDEX(comm_eff!$D$3:$M$26,MATCH($A52&$B52&$C52,comm_eff!$O$3:$O$26,0),MATCH(G$2,comm_eff!$D$2:$M$2,0)) -> 1.2986417 | H52: =INDEX(comm_eff!$D$3:$M$26,MATCH($A52&$B52&$C52,comm_eff!$O$3:$O$26,0),MATCH(H$2,comm_eff!$D$2:$M$2,0)) -> 1.2986417 | I52: =INDEX(comm_eff!$D$3:$M$26,MATCH($A52&$B52&$C52,comm_eff!$O$3:$O$26,0),MATCH(I$2,comm_eff!$D$2:$M$2,0)) -> 1.3619932 | J52: =INDEX(comm_eff!$D$3:$M$26,MATCH($A52&$B52&$C52,comm_eff!$O$3:$O$26,0),MATCH(J$2,comm_eff!$D$2:$M$2,0)) -> 1.4063555 | K52: =INDEX(comm_eff!$D$3:$M$26,MATCH($A52&$B52&$C52,comm_eff!$O$3:$O$26,0),MATCH(K$2,comm_eff!$D$2:$M$2,0)) -> 1.4353208 | L52: =INDEX(comm_eff!$D$3:$M$26,MATCH($A52&$B52&$C52,comm_eff!$O$3:$O$26,0),MATCH(L$2,comm_eff!$D$2:$M$2,0)) -> 1.4552504 | M52: =INDEX(comm_eff!$D$3:$M$26,MATCH($A52&$B52&$C52,comm_eff!$O$3:$O$26,0),MATCH(M$2,comm_eff!$D$2:$M$2,0)) -> 1.4688018 | ... O52: =INDEX(comm_eff!$D$3:$M$26,MATCH($A52&$B52&$C52,comm_eff!$O$3:$O$26,0),MATCH(O$2,comm_eff!$D$2:$M$2,0)) -> 1.4787506
A53: comm cooling | B53: electricity | C53: air conditioning | D53: elect_td_bld | E53: =F53 -> 3.2354303 | F53: =INDEX(comm_eff!$D$3:$M$26,MATCH($A53&$B53&$C53,comm_eff!$O$3:$O$26,0),MATCH(F$2,comm_eff!$D$2:$M$2,0)) -> 3.2354303 | G53: =INDEX(comm_eff!$D$3:$M$26,MATCH($A53&$B53&$C53,comm_eff!$O$3:$O$26,0),MATCH(G$2,comm_eff!$D$2:$M$2,0)) -> 3.2354303 | H53: =INDEX(comm_eff!$D$3:$M$26,MATCH($A53&$B53&$C53,comm_eff!$O$3:$O$26,0),MATCH(H$2,comm_eff!$D$2:$M$2,0)) -> 3.2354303 | I53: =INDEX(comm_eff!$D$3:$M$26,MATCH($A53&$B53&$C53,comm_eff!$O$3:$O$26,0),MATCH(I$2,comm_eff!$D$2:$M$2,0)) -> 3.3208317 | J53: =INDEX(comm_eff!$D$3:$M$26,MATCH($A53&$B53&$C53,comm_eff!$O$3:$O$26,0),MATCH(J$2,comm_eff!$D$2:$M$2,0)) -> 3.3898202 | K53: =INDEX(comm_eff!$D$3:$M$26,MATCH($A53&$B53&$C53,comm_eff!$O$3:$O$26,0),MATCH(K$2,comm_eff!$D$2:$M$2,0)) -> 3.4415912 | L53: =INDEX(comm_eff!$D$3:$M$26,MATCH($A53&$B53&$C53,comm_eff!$O$3:$O$26,0),MATCH(L$2,comm_eff!$D$2:$M$2,0)) -> 3.4803119 | M53: =INDEX(comm_eff!$D$3:$M$26,MATCH($A53&$B53&$C53,comm_eff!$O$3:$O$26,0),MATCH(M$2,comm_eff!$D$2:$M$2,0)) -> 3.5094405 | ... O53: =INDEX(comm_eff!$D$3:$M$26,MATCH($A53&$B53&$C53,comm_eff!$O$3:$O$26,0),MATCH(O$2,comm_eff!$D$2:$M$2,0)) -> 3.5313973
A54: comm cooling | B54: electricity | C54: air conditioning hi-eff | D54: elect_td_bld | E54: =F54 -> 3.4 | F54: =INDEX(comm_eff!$D$3:$M$26,MATCH($A54&$B54&$C54,comm_eff!$O$3:$O$26,0),MATCH(F$2,comm_eff!$D$2:$M$2,0)) -> 3.4 | G54: =INDEX(comm_eff!$D$3:$M$26,MATCH($A54&$B54&$C54,comm_eff!$O$3:$O$26,0),MATCH(G$2,comm_eff!$D$2:$M$2,0)) -> 3.4 | H54: =INDEX(comm_eff!$D$3:$M$26,MATCH($A54&$B54&$C54,comm_eff!$O$3:$O$26,0),MATCH(H$2,comm_eff!$D$2:$M$2,0)) -> 3.4 | I54: =INDEX(comm_eff!$D$3:$M$26,MATCH($A54&$B54&$C54,comm_eff!$O$3:$O$26,0),MATCH(I$2,comm_eff!$D$2:$M$2,0)) -> 3.4854015 | J54: =INDEX(comm_eff!$D$3:$M$26,MATCH($A54&$B54&$C54,comm_eff!$O$3:$O$26,0),MATCH(J$2,comm_eff!$D$2:$M$2,0)) -> 3.55439 | K54: =INDEX(comm_eff!$D$3:$M$26,MATCH($A54&$B54&$C54,comm_eff!$O$3:$O$26,0),MATCH(K$2,comm_eff!$D$2:$M$2,0)) -> 3.6061609 | L54: =INDEX(comm_eff!$D$3:$M$26,MATCH($A54&$B54&$C54,comm_eff!$O$3:$O$26,0),MATCH(L$2,comm_eff!$D$2:$M$2,0)) -> 3.6448816 | M54: =INDEX(comm_eff!$D$3:$M$26,MATCH($A54&$B54&$C54,comm_eff!$O$3:$O$26,0),MATCH(M$2,comm_eff!$D$2:$M$2,0)) -> 3.6740102 | ... O54: =INDEX(comm_eff!$D$3:$M$26,MATCH($A54&$B54&$C54,comm_eff!$O$3:$O$26,0),MATCH(O$2,comm_eff!$D$2:$M$2,0)) -> 3.6959671
A55: comm hot water | B55: gas | C55: gas water heater | D55: delivered gas | E55: =F55 -> 0.89682407 | F55: =INDEX(comm_eff!$D$3:$M$26,MATCH($A55&$B55&$C55,comm_eff!$O$3:$O$26,0),MATCH(F$2,comm_eff!$D$2:$M$2,0)) -> 0.89682407 | G55: =INDEX(comm_eff!$D$3:$M$26,MATCH($A55&$B55&$C55,comm_eff!$O$3:$O$26,0),MATCH(G$2,comm_eff!$D$2:$M$2,0)) -> 0.89682407 | H55: =INDEX(comm_eff!$D$3:$M$26,MATCH($A55&$B55&$C55,comm_eff!$O$3:$O$26,0),MATCH(H$2,comm_eff!$D$2:$M$2,0)) -> 0.89682407 | I55: =INDEX(comm_eff!$D$3:$M$26,MATCH($A55&$B55&$C55,comm_eff!$O$3:$O$26,0),MATCH(I$2,comm_eff!$D$2:$M$2,0)) -> 0.9232337 | J55: =INDEX(comm_eff!$D$3:$M$26,MATCH($A55&$B55&$C55,comm_eff!$O$3:$O$26,0),MATCH(J$2,comm_eff!$D$2:$M$2,0)) -> 0.93922274 | K55: =INDEX(comm_eff!$D$3:$M$26,MATCH($A55&$B55&$C55,comm_eff!$O$3:$O$26,0),MATCH(K$2,comm_eff!$D$2:$M$2,0)) -> 0.94867757 | L55: =INDEX(comm_eff!$D$3:$M$26,MATCH($A55&$B55&$C55,comm_eff!$O$3:$O$26,0),MATCH(L$2,comm_eff!$D$2:$M$2,0)) -> 0.95419122 | M55: =INDEX(comm_eff!$D$3:$M$26,MATCH($A55&$B55&$C55,comm_eff!$O$3:$O$26,0),MATCH(M$2,comm_eff!$D$2:$M$2,0)) -> 0.95745122 | ... O55: =INDEX(comm_eff!$D$3:$M$26,MATCH($A55&$B55&$C55,comm_eff!$O$3:$O$26,0),MATCH(O$2,comm_eff!$D$2:$M$2,0)) -> 0.95938029
A56: comm hot water | B56: gas | C56: gas water heater hi-eff | D56: delivered gas | E56: =F56 -> 0.94 | F56: =INDEX(comm_eff!$D$3:$M$26,MATCH($A56&$B56&$C56,comm_eff!$O$3:$O$26,0),MATCH(F$2,comm_eff!$D$2:$M$2,0)) -> 0.94 | G56: =INDEX(comm_eff!$D$3:$M$26,MATCH($A56&$B56&$C56,comm_eff!$O$3:$O$26,0),MATCH(G$2,comm_eff!$D$2:$M$2,0)) -> 0.94 | H56: =INDEX(comm_eff!$D$3:$M$26,MATCH($A56&$B56&$C56,comm_eff!$O$3:$O$26,0),MATCH(H$2,comm_eff!$D$2:$M$2,0)) -> 0.94 | I56: =INDEX(comm_eff!$D$3:$M$26,MATCH($A56&$B56&$C56,comm_eff!$O$3:$O$26,0),MATCH(I$2,comm_eff!$D$2:$M$2,0)) -> 0.96640963 | J56: =INDEX(comm_eff!$D$3:$M$26,MATCH($A56&$B56&$C56,comm_eff!$O$3:$O$26,0),MATCH(J$2,comm_eff!$D$2:$M$2,0)) -> 0.98239867 | K56: =INDEX(comm_eff!$D$3:$M$26,MATCH($A56&$B56&$C56,comm_eff!$O$3:$O$26,0),MATCH(K$2,comm_eff!$D$2:$M$2,0)) -> 0.9918535 | L56: =INDEX(comm_eff!$D$3:$M$26,MATCH($A56&$B56&$C56,comm_eff!$O$3:$O$26,0),MATCH(L$2,comm_eff!$D$2:$M$2,0)) -> 0.99736715 | M56: =INDEX(comm_eff!$D$3:$M$26,MATCH($A56&$B56&$C56,comm_eff!$O$3:$O$26,0),MATCH(M$2,comm_eff!$D$2:$M$2,0)) -> 1.0006272 | ... O56: =INDEX(comm_eff!$D$3:$M$26,MATCH($A56&$B56&$C56,comm_eff!$O$3:$O$26,0),MATCH(O$2,comm_eff!$D$2:$M$2,0)) -> 1.0025562
A57: comm hot water | B57: electricity | C57: electric resistance water heater | D57: elect_td_bld | E57: =F57 -> 0.97 | F57: =INDEX(comm_eff!$D$3:$M$26,MATCH($A57&$B57&$C57,comm_eff!$O$3:$O$26,0),MATCH(F$2,comm_eff!$D$2:$M$2,0)) -> 0.97 | G57: =INDEX(comm_eff!$D$3:$M$26,MATCH($A57&$B57&$C57,comm_eff!$O$3:$O$26,0),MATCH(G$2,comm_eff!$D$2:$M$2,0)) -> 0.97 | H57: =INDEX(comm_eff!$D$3:$M$26,MATCH($A57&$B57&$C57,comm_eff!$O$3:$O$26,0),MATCH(H$2,comm_eff!$D$2:$M$2,0)) -> 0.97 | I57: =INDEX(comm_eff!$D$3:$M$26,MATCH($A57&$B57&$C57,comm_eff!$O$3:$O$26,0),MATCH(I$2,comm_eff!$D$2:$M$2,0)) -> 0.97 | J57: =INDEX(comm_eff!$D$3:$M$26,MATCH($A57&$B57&$C57,comm_eff!$O$3:$O$26,0),MATCH(J$2,comm_eff!$D$2:$M$2,0)) -> 0.97 | K57: =INDEX(comm_eff!$D$3:$M$26,MATCH($A57&$B57&$C57,comm_eff!$O$3:$O$26,0),MATCH(K$2,comm_eff!$D$2:$M$2,0)) -> 0.97 | L57: =INDEX(comm_eff!$D$3:$M$26,MATCH($A57&$B57&$C57,comm_eff!$O$3:$O$26,0),MATCH(L$2,comm_eff!$D$2:$M$2,0)) -> 0.97 | M57: =INDEX(comm_eff!$D$3:$M$26,MATCH($A57&$B57&$C57,comm_eff!$O$3:$O$26,0),MATCH(M$2,comm_eff!$D$2:$M$2,0)) -> 0.97 | ... O57: =INDEX(comm_eff!$D$3:$M$26,MATCH($A57&$B57&$C57,comm_eff!$O$3:$O$26,0),MATCH(O$2,comm_eff!$D$2:$M$2,0)) -> 0.97
A58: comm hot water | B58: electricity | C58: electric heat pump water heater | D58: elect_td_bld | E58: =F58 -> 3.9 | F58: =INDEX(comm_eff!$D$3:$M$26,MATCH($A58&$B58&$C58,comm_eff!$O$3:$O$26,0),MATCH(F$2,comm_eff!$D$2:$M$2,0)) -> 3.9 | G58: =INDEX(comm_eff!$D$3:$M$26,MATCH($A58&$B58&$C58,comm_eff!$O$3:$O$26,0),MATCH(G$2,comm_eff!$D$2:$M$2,0)) -> 3.9 | H58: =INDEX(comm_eff!$D$3:$M$26,MATCH($A58&$B58&$C58,comm_eff!$O$3:$O$26,0),MATCH(H$2,comm_eff!$D$2:$M$2,0)) -> 3.9 | I58: =INDEX(comm_eff!$D$3:$M$26,MATCH($A58&$B58&$C58,comm_eff!$O$3:$O$26,0),MATCH(I$2,comm_eff!$D$2:$M$2,0)) -> 3.9 | J58: =INDEX(comm_eff!$D$3:$M$26,MATCH($A58&$B58&$C58,comm_eff!$O$3:$O$26,0),MATCH(J$2,comm_eff!$D$2:$M$2,0)) -> 3.9 | K58: =INDEX(comm_eff!$D$3:$M$26,MATCH($A58&$B58&$C58,comm_eff!$O$3:$O$26,0),MATCH(K$2,comm_eff!$D$2:$M$2,0)) -> 3.9 | L58: =INDEX(comm_eff!$D$3:$M$26,MATCH($A58&$B58&$C58,comm_eff!$O$3:$O$26,0),MATCH(L$2,comm_eff!$D$2:$M$2,0)) -> 3.9 | M58: =INDEX(comm_eff!$D$3:$M$26,MATCH($A58&$B58&$C58,comm_eff!$O$3:$O$26,0),MATCH(M$2,comm_eff!$D$2:$M$2,0)) -> 3.9 | ... O58: =INDEX(comm_eff!$D$3:$M$26,MATCH($A58&$B58&$C58,comm_eff!$O$3:$O$26,0),MATCH(O$2,comm_eff!$D$2:$M$2,0)) -> 3.9
... A70: comm refrigeration | B70: electricity | C70: refrigeration hi-eff | D70: elect_td_bld | E70: =F70 -> 3.4 | F70: =INDEX(comm_eff!$D$3:$M$26,MATCH($A70&$B70&$C70,comm_eff!$O$3:$O$26,0),MATCH(F$2,comm_eff!$D$2:$M$2,0)) -> 3.4 | G70: =INDEX(comm_eff!$D$3:$M$26,MATCH($A70&$B70&$C70,comm_eff!$O$3:$O$26,0),MATCH(G$2,comm_eff!$D$2:$M$2,0)) -> 3.4 | H70: =INDEX(comm_eff!$D$3:$M$26,MATCH($A70&$B70&$C70,comm_eff!$O$3:$O$26,0),MATCH(H$2,comm_eff!$D$2:$M$2,0)) -> 3.4 | I70: =INDEX(comm_eff!$D$3:$M$26,MATCH($A70&$B70&$C70,comm_eff!$O$3:$O$26,0),MATCH(I$2,comm_eff!$D$2:$M$2,0)) -> 3.4456021 | J70: =INDEX(comm_eff!$D$3:$M$26,MATCH($A70&$B70&$C70,comm_eff!$O$3:$O$26,0),MATCH(J$2,comm_eff!$D$2:$M$2,0)) -> 3.5056307 | K70: =INDEX(comm_eff!$D$3:$M$26,MATCH($A70&$B70&$C70,comm_eff!$O$3:$O$26,0),MATCH(K$2,comm_eff!$D$2:$M$2,0)) -> 3.6182944 | L70: =INDEX(comm_eff!$D$3:$M$26,MATCH($A70&$B70&$C70,comm_eff!$O$3:$O$26,0),MATCH(L$2,comm_eff!$D$2:$M$2,0)) -> 3.6777255 | M70: =INDEX(comm_eff!$D$3:$M$26,MATCH($A70&$B70&$C70,comm_eff!$O$3:$O$26,0),MATCH(M$2,comm_eff!$D$2:$M$2,0)) -> 3.7092083 | ... O70: =INDEX(comm_eff!$D$3:$M$26,MATCH($A70&$B70&$C70,comm_eff!$O$3:$O$26,0),MATCH(O$2,comm_eff!$D$2:$M$2,0)) -> 3.725622
A71: comm office | B71: electricity | C71: office equipment | D71: elect_td_bld | E71: =F71 -> 1 | F71: 1 | G71: 1.3 | H71: 1.45 | I71: 1.45 | J71: 1.45 | K71: 1.45 | L71: 1.45 | M71: 1.45 | N71: 1.45 | O71: 1.45
A72: comm other | B72: gas | C72: gas | D72: delivered gas | E72: =F72 -> 1 | F72: 1 | G72: 1 | H72: 1 | I72: 1 | J72: 1 | K72: 1 | L72: 1 | M72: 1 | N72: 1 | O72: 1
A73: comm other | B73: electricity | C73: electricity | D73: elect_td_bld | E73: =F73 -> 1 | F73: 1 | G73: 1 | H73: 1 | I73: 1 | J73: 1 | K73: 1 | L73: 1 | M73: 1 | N73: 1 | O73: 1
A74: comm other | B74: refined liquids | C74: refined liquids | D74: refined liquids enduse | E74: =F74 -> 1 | F74: 1 | G74: 1 | H74: 1 | I74: 1 | J74: 1 | K74: 1 | L74: 1 | M74: 1 | N74: 1 | O74: 1
A75: comm non-building | B75: electricity | C75: electricity | D75: elect_td_bld | E75: =F75 -> 1 | F75: 1 | G75: 1 | H75: 1 | I75: 1 | J75: 1 | K75: 1 | L75: 1 | M75: 1 | N75: 1 | O75: 1
